
--------------------------------------------
-- DOC-161-CROSS CARGA VENTAS VIDA NEOX v2 -
--------------------------------------------

-- Delete the pervious version of the load definition. (THIS IS A CASADE DETELE!!!!!!)
DELETE FROM "LD_PRELOAD_DEFINITION" WHERE PRELOAD_DEFINITION_ID = 3;

-- Create the new preload definition.
INSERT INTO "LD_PRELOAD_DEFINITION" (PRELOAD_DEFINITION_ID, PRELOAD_DEFINITION_GROUP_ID, NAME, MAX_PRELOAD_LOW_ERRORS, MAX_PRELOAD_MEDIUM_ERRORS, MAX_PRELOAD_HIGH_ERRORS, LOAD_IF_PRELOAD_OK) VALUES ('3', '1', 'CARGA VENTAS VIDA NEOX v2', '10', '5', '0', '0');



---------------------------------------------------
-- DOC-161-CROSS CARGA VENTAS NEOX v2 - Fichero 1 -
---------------------------------------------------
-- File definition
INSERT INTO "LD_PRELOAD_FILE" (PRELOAD_FILE_ID, PRELOAD_DEFINITION_ID, NAME, DESCRIPTION, FILE_TYPE, FILENAME_FORMAT_REGEX) 
VALUES ('10', '3', 'Información general de las ventas', 'Archivo con información general de las ventas (propuestas) (e.g. PcsNeo_20170802_1.txt)', 'TXT','PcsNeo_\d{4}\d{2}\d{2}_1.(txt|TXT)');

-- Row types
INSERT INTO "LD_PRELOAD_ROW_TYPE" (PRELOAD_ROW_TYPE_ID, PRELOAD_FILE_ID, NAME, IDENTIFIER_COLUMN_NO, IDENTIFIER_VALUE) VALUES ('35', '10', 'Cabecera (Header)', '1', 'C');
INSERT INTO "LD_PRELOAD_ROW_TYPE" (PRELOAD_ROW_TYPE_ID, PRELOAD_FILE_ID, NAME, IDENTIFIER_COLUMN_NO, IDENTIFIER_VALUE) VALUES ('36', '10', 'Detalle (Detail)', '1', 'D');
INSERT INTO "LD_PRELOAD_ROW_TYPE" (PRELOAD_ROW_TYPE_ID, PRELOAD_FILE_ID, NAME, IDENTIFIER_COLUMN_NO, IDENTIFIER_VALUE) VALUES ('37', '10', 'Pie (Footer)', '1', 'T');

-- Cabecera campos
INSERT INTO "LD_PRELOAD_FIELD_DEFINITION" (PRELOAD_FIELD_DEFINITION_ID, PRELOAD_ROW_TYPE_ID, COLUMN_NO, NAME, DESCRIPTION, PRELOAD_FIELD_TYPE_ID, REQUIRED, ERROR_SEVERITY, LENGTH) VALUES ('1000', '35', '1', 'Tipo Reg', 'Tipo de Registro', '4', '1', '3', '1');
INSERT INTO "LD_PRELOAD_FIELD_DEFINITION" (PRELOAD_FIELD_DEFINITION_ID, PRELOAD_ROW_TYPE_ID, COLUMN_NO, NAME, DESCRIPTION, PRELOAD_FIELD_TYPE_ID, REQUIRED, ERROR_SEVERITY, LENGTH) VALUES ('1001', '35', '2', 'Fec Envio', 'Fecha de envio del archivo (YYYYMMDD)', '7', '1', '3', '8');
INSERT INTO "LD_PRELOAD_FIELD_DEFINITION" (PRELOAD_FIELD_DEFINITION_ID, PRELOAD_ROW_TYPE_ID, COLUMN_NO, NAME, DESCRIPTION, PRELOAD_FIELD_TYPE_ID, REQUIRED, ERROR_SEVERITY, LENGTH) VALUES ('1002', '35', '3', 'Convenio', 'Tipo de convenio BSAN', '4', '1', '3', '3');
INSERT INTO "LD_PRELOAD_FIELD_DEFINITION" (PRELOAD_FIELD_DEFINITION_ID, PRELOAD_ROW_TYPE_ID, COLUMN_NO, NAME, DESCRIPTION, PRELOAD_FIELD_TYPE_ID, REQUIRED, ERROR_SEVERITY, LENGTH) VALUES ('1003', '35', '4', 'Filer', 'Filer', '4', '0', '1', '136');

-- Detalle campos
INSERT INTO "LD_PRELOAD_FIELD_DEFINITION" (PRELOAD_FIELD_DEFINITION_ID, PRELOAD_ROW_TYPE_ID, COLUMN_NO, NAME, DESCRIPTION, PRELOAD_FIELD_TYPE_ID, REQUIRED, REL_TYPE, ERROR_SEVERITY, LENGTH) VALUES ('1004', '36', '1', 'Tipo Reg', 'Tipo de Registro', '4', '1', '0', '3', '1');
INSERT INTO "LD_PRELOAD_FIELD_DEFINITION" (PRELOAD_FIELD_DEFINITION_ID, PRELOAD_ROW_TYPE_ID, COLUMN_NO, NAME, DESCRIPTION, PRELOAD_FIELD_TYPE_ID, REQUIRED, REL_TYPE, ERROR_SEVERITY, LENGTH) VALUES ('1005', '36', '2', 'Fec Envio', 'Fecha de envio del archivo (YYYYMMDD)', '7', '1', '0', '3', '8');
INSERT INTO "LD_PRELOAD_FIELD_DEFINITION" (PRELOAD_FIELD_DEFINITION_ID, PRELOAD_ROW_TYPE_ID, COLUMN_NO, NAME, DESCRIPTION, PRELOAD_FIELD_TYPE_ID, REQUIRED, REL_TYPE, ERROR_SEVERITY, LENGTH) VALUES ('1006', '36', '3', 'Cod. Conv.', 'Tipo de convenio BSAN', '4', '1', '0', '3', '3');
INSERT INTO "LD_PRELOAD_FIELD_DEFINITION" (PRELOAD_FIELD_DEFINITION_ID, PRELOAD_ROW_TYPE_ID, COLUMN_NO, NAME, DESCRIPTION, PRELOAD_FIELD_TYPE_ID, REQUIRED, REL_TYPE, ERROR_SEVERITY, LENGTH) VALUES ('1007', '36', '4', 'Tipo Trans.', 'Codigo de envio BSAN', '4', '1', '0', '3', '6');
INSERT INTO "LD_PRELOAD_FIELD_DEFINITION" (PRELOAD_FIELD_DEFINITION_ID, PRELOAD_ROW_TYPE_ID, COLUMN_NO, NAME, DESCRIPTION, PRELOAD_FIELD_TYPE_ID, REQUIRED, REL_TYPE, ERROR_SEVERITY, LENGTH) VALUES ('1008', '36', '5', 'Cod Ramo', 'Codigo de Ramo BSAN', '4', '1', '0', '3', '3');
INSERT INTO "LD_PRELOAD_FIELD_DEFINITION" (PRELOAD_FIELD_DEFINITION_ID, PRELOAD_ROW_TYPE_ID, COLUMN_NO, NAME, DESCRIPTION, PRELOAD_FIELD_TYPE_ID, REQUIRED, REL_TYPE, ERROR_SEVERITY, LENGTH) VALUES ('1009', '36', '6', 'Cod Linea', 'Codigo de Linea BSAN', '4', '1', '0', '3', '3');
INSERT INTO "LD_PRELOAD_FIELD_DEFINITION" (PRELOAD_FIELD_DEFINITION_ID, PRELOAD_ROW_TYPE_ID, COLUMN_NO, NAME, DESCRIPTION, PRELOAD_FIELD_TYPE_ID, REQUIRED, REL_TYPE, ERROR_SEVERITY, LENGTH) VALUES ('1010', '36', '7', 'Cod Producto', 'Codigo de Producto BSAN', '4', '1', '0', '3', '3');
INSERT INTO "LD_PRELOAD_FIELD_DEFINITION" (PRELOAD_FIELD_DEFINITION_ID, PRELOAD_ROW_TYPE_ID, COLUMN_NO, NAME, DESCRIPTION, PRELOAD_FIELD_TYPE_ID, REQUIRED, REL_TYPE, ERROR_SEVERITY, LENGTH) VALUES ('1011', '36', '8', 'Num Propuesta', 'Codigo de Propuesta BSAN', '1', '1', '0', '3', '8');
INSERT INTO "LD_PRELOAD_FIELD_DEFINITION" (PRELOAD_FIELD_DEFINITION_ID, PRELOAD_ROW_TYPE_ID, COLUMN_NO, NAME, DESCRIPTION, PRELOAD_FIELD_TYPE_ID, REQUIRED, REL_TYPE, ERROR_SEVERITY, LENGTH) VALUES ('1012', '36', '9', 'Num. Poliza', 'Numero de poliza', '1', '1', '0', '3', '12');
INSERT INTO "LD_PRELOAD_FIELD_DEFINITION" (PRELOAD_FIELD_DEFINITION_ID, PRELOAD_ROW_TYPE_ID, COLUMN_NO, NAME, DESCRIPTION, PRELOAD_FIELD_TYPE_ID, REQUIRED, REL_TYPE, ERROR_SEVERITY, LENGTH) VALUES ('1013', '36', '10', 'Cod Plan', 'Codigo de plan', '4', '1', '0', '3', '3');
INSERT INTO "LD_PRELOAD_FIELD_DEFINITION" (PRELOAD_FIELD_DEFINITION_ID, PRELOAD_ROW_TYPE_ID, COLUMN_NO, NAME, DESCRIPTION, PRELOAD_FIELD_TYPE_ID, REQUIRED, REL_TYPE, ERROR_SEVERITY, LENGTH) VALUES ('1014', '36', '11', 'Fec Venta', 'Fech de venta (YYYYMMDD)', '7', '1', '0', '3', '8');
INSERT INTO "LD_PRELOAD_FIELD_DEFINITION" (PRELOAD_FIELD_DEFINITION_ID, PRELOAD_ROW_TYPE_ID, COLUMN_NO, NAME, DESCRIPTION, PRELOAD_FIELD_TYPE_ID, REQUIRED, REL_TYPE, ERROR_SEVERITY, LENGTH) VALUES ('1015', '36', '12', 'Cod Moneda', 'Código de moneda', '4', '1', '0', '3', '3');
INSERT INTO "LD_PRELOAD_FIELD_DEFINITION" (PRELOAD_FIELD_DEFINITION_ID, PRELOAD_ROW_TYPE_ID, COLUMN_NO, NAME, DESCRIPTION, PRELOAD_FIELD_TYPE_ID, REQUIRED, REL_TYPE, ERROR_SEVERITY, LENGTH) VALUES ('1016', '36', '13', 'Prima_Cuota', 'Prima cuota', '3', '1', '0', '3', '12');
INSERT INTO "LD_PRELOAD_FIELD_DEFINITION" (PRELOAD_FIELD_DEFINITION_ID, PRELOAD_ROW_TYPE_ID, COLUMN_NO, NAME, DESCRIPTION, PRELOAD_FIELD_TYPE_ID, REQUIRED, REL_TYPE, ERROR_SEVERITY, LENGTH) VALUES ('1017', '36', '14', 'Prima_Total', 'Prima total', '3', '1', '0', '3', '12');
INSERT INTO "LD_PRELOAD_FIELD_DEFINITION" (PRELOAD_FIELD_DEFINITION_ID, PRELOAD_ROW_TYPE_ID, COLUMN_NO, NAME, DESCRIPTION, PRELOAD_FIELD_TYPE_ID, REQUIRED, REL_TYPE, ERROR_SEVERITY, LENGTH) VALUES ('1018', '36', '15', 'Cod Frec. Pago', 'Periodicidad de pago', '1', '1', '0', '3', '1');
INSERT INTO "LD_PRELOAD_FIELD_DEFINITION" (PRELOAD_FIELD_DEFINITION_ID, PRELOAD_ROW_TYPE_ID, COLUMN_NO, NAME, DESCRIPTION, PRELOAD_FIELD_TYPE_ID, REQUIRED, REL_TYPE, ERROR_SEVERITY, LENGTH) VALUES ('1019', '36', '16', 'Cod Banco/Tarjeta', 'Tipo de pago Cta Cte o Tarjeta de credito', '1', '1', '0', '3', '3');
INSERT INTO "LD_PRELOAD_FIELD_DEFINITION" (PRELOAD_FIELD_DEFINITION_ID, PRELOAD_ROW_TYPE_ID, COLUMN_NO, NAME, DESCRIPTION, PRELOAD_FIELD_TYPE_ID, REQUIRED, REL_TYPE, ERROR_SEVERITY, LENGTH) VALUES ('1020', '36', '17', 'Num Med Pago', 'Número del Medio de pago Ctacte o Tarjeta', '1', '1', '0', '3', '20');
INSERT INTO "LD_PRELOAD_FIELD_DEFINITION" (PRELOAD_FIELD_DEFINITION_ID, PRELOAD_ROW_TYPE_ID, COLUMN_NO, NAME, DESCRIPTION, PRELOAD_FIELD_TYPE_ID, REQUIRED, REL_TYPE, ERROR_SEVERITY, LENGTH) VALUES ('1021', '36', '18', 'Cod Sucursal', 'Código Sucursa', '4', '1', '0', '3', '5');
INSERT INTO "LD_PRELOAD_FIELD_DEFINITION" (PRELOAD_FIELD_DEFINITION_ID, PRELOAD_ROW_TYPE_ID, COLUMN_NO, NAME, DESCRIPTION, PRELOAD_FIELD_TYPE_ID, REQUIRED, REL_TYPE, ERROR_SEVERITY, LENGTH) VALUES ('1022', '36', '19', 'Cod Via Contacto', 'Codigo de contacto de venta', '4', '1', '0', '3', '3');
INSERT INTO "LD_PRELOAD_FIELD_DEFINITION" (PRELOAD_FIELD_DEFINITION_ID, PRELOAD_ROW_TYPE_ID, COLUMN_NO, NAME, DESCRIPTION, PRELOAD_FIELD_TYPE_ID, REQUIRED, REL_TYPE, ERROR_SEVERITY, LENGTH) VALUES ('1023', '36', '20', 'Filler', 'Filler', '4', '1', '0', '3', '3');
INSERT INTO "LD_PRELOAD_FIELD_DEFINITION" (PRELOAD_FIELD_DEFINITION_ID, PRELOAD_ROW_TYPE_ID, COLUMN_NO, NAME, DESCRIPTION, PRELOAD_FIELD_TYPE_ID, REQUIRED, REL_TYPE, ERROR_SEVERITY, LENGTH) VALUES ('1024', '36', '21', 'Rut_Eje', 'Rut Ejecutivo', '4', '1', '0', '3', '8');
INSERT INTO "LD_PRELOAD_FIELD_DEFINITION" (PRELOAD_FIELD_DEFINITION_ID, PRELOAD_ROW_TYPE_ID, COLUMN_NO, NAME, DESCRIPTION, PRELOAD_FIELD_TYPE_ID, REQUIRED, REL_TYPE, ERROR_SEVERITY, LENGTH) VALUES ('1025', '36', '22', 'Dv_Eje', 'Dv_Eje', '4', '1', '0', '3', '1');
INSERT INTO "LD_PRELOAD_FIELD_DEFINITION" (PRELOAD_FIELD_DEFINITION_ID, PRELOAD_ROW_TYPE_ID, COLUMN_NO, NAME, DESCRIPTION, PRELOAD_FIELD_TYPE_ID, REQUIRED, REL_TYPE, ERROR_SEVERITY, LENGTH) VALUES ('1026', '36', '23', 'Filler', 'Filler', '4', '1', '0', '3', '12');
INSERT INTO "LD_PRELOAD_FIELD_DEFINITION" (PRELOAD_FIELD_DEFINITION_ID, PRELOAD_ROW_TYPE_ID, COLUMN_NO, NAME, DESCRIPTION, PRELOAD_FIELD_TYPE_ID, REQUIRED, REL_TYPE, ERROR_SEVERITY, LENGTH) VALUES ('1027', '36', '24', 'CodEstado', 'Código de estado', '4', '1', '0', '3', '3');
INSERT INTO "LD_PRELOAD_FIELD_DEFINITION" (PRELOAD_FIELD_DEFINITION_ID, PRELOAD_ROW_TYPE_ID, COLUMN_NO, NAME, DESCRIPTION, PRELOAD_FIELD_TYPE_ID, REQUIRED, REL_TYPE, ERROR_SEVERITY, LENGTH) VALUES ('1028', '36', '25', 'Cod Dia Pago', 'Código día de pago', '4', '1', '0', '3', '3');
INSERT INTO "LD_PRELOAD_FIELD_DEFINITION" (PRELOAD_FIELD_DEFINITION_ID, PRELOAD_ROW_TYPE_ID, COLUMN_NO, NAME, DESCRIPTION, PRELOAD_FIELD_TYPE_ID, REQUIRED, REL_TYPE, ERROR_SEVERITY, LENGTH) VALUES ('1029', '36', '26', 'Cod Via Contacto', 'Idem al anterior esta duplicado', '4', '1', '0', '3', '4');
INSERT INTO "LD_PRELOAD_FIELD_DEFINITION" (PRELOAD_FIELD_DEFINITION_ID, PRELOAD_ROW_TYPE_ID, COLUMN_NO, NAME, DESCRIPTION, PRELOAD_FIELD_TYPE_ID, REQUIRED, REL_TYPE, ERROR_SEVERITY, LENGTH) VALUES ('1030', '36', '27', 'Cod Fuente', 'Origen de la venta', '4', '1', '0', '3', '3');
INSERT INTO "LD_PRELOAD_FIELD_DEFINITION" (PRELOAD_FIELD_DEFINITION_ID, PRELOAD_ROW_TYPE_ID, COLUMN_NO, NAME, DESCRIPTION, PRELOAD_FIELD_TYPE_ID, REQUIRED, REL_TYPE, ERROR_SEVERITY, LENGTH) VALUES ('1031', '36', '28', 'Nom Eje', 'Nombre ejecutivo', '4', '1', '0', '3', '30');
INSERT INTO "LD_PRELOAD_FIELD_DEFINITION" (PRELOAD_FIELD_DEFINITION_ID, PRELOAD_ROW_TYPE_ID, COLUMN_NO, NAME, DESCRIPTION, PRELOAD_FIELD_TYPE_ID, REQUIRED, REL_TYPE, ERROR_SEVERITY, LENGTH) VALUES ('1032', '36', '29', 'Cod Med Pago', 'Código medio de pago', '4', '1', '0', '3', '1');
INSERT INTO "LD_PRELOAD_FIELD_DEFINITION" (PRELOAD_FIELD_DEFINITION_ID, PRELOAD_ROW_TYPE_ID, COLUMN_NO, NAME, DESCRIPTION, PRELOAD_FIELD_TYPE_ID, REQUIRED, REL_TYPE, ERROR_SEVERITY, LENGTH) VALUES ('1033', '36', '30', 'Fec Vige', 'Fecha de vigencia productos viaje', '7', '1', '0', '3', '8');
INSERT INTO "LD_PRELOAD_FIELD_DEFINITION" (PRELOAD_FIELD_DEFINITION_ID, PRELOAD_ROW_TYPE_ID, COLUMN_NO, NAME, DESCRIPTION, PRELOAD_FIELD_TYPE_ID, REQUIRED, REL_TYPE, ERROR_SEVERITY, LENGTH) VALUES ('1034', '36', '31', 'Emite Kit', 'Flag que indica si emite o no Kit', '4', '1', '0', '3', '1');
INSERT INTO "LD_PRELOAD_FIELD_DEFINITION" (PRELOAD_FIELD_DEFINITION_ID, PRELOAD_ROW_TYPE_ID, COLUMN_NO, NAME, DESCRIPTION, PRELOAD_FIELD_TYPE_ID, REQUIRED, REL_TYPE, ERROR_SEVERITY, LENGTH) VALUES ('1035', '36', '32', 'Super Clave', 'Super Clave', '4', '1', '0', '3', '13');
INSERT INTO "LD_PRELOAD_FIELD_DEFINITION" (PRELOAD_FIELD_DEFINITION_ID, PRELOAD_ROW_TYPE_ID, COLUMN_NO, NAME, DESCRIPTION, PRELOAD_FIELD_TYPE_ID, REQUIRED, REL_TYPE, ERROR_SEVERITY, LENGTH) VALUES ('1036', '36', '33', 'Dps Sucia', 'Flag que indica si DPS esta con información para evaluar', '4', '1', '0', '3', '1');
INSERT INTO "LD_PRELOAD_FIELD_DEFINITION" (PRELOAD_FIELD_DEFINITION_ID, PRELOAD_ROW_TYPE_ID, COLUMN_NO, NAME, DESCRIPTION, PRELOAD_FIELD_TYPE_ID, REQUIRED, REL_TYPE, ERROR_SEVERITY, LENGTH) VALUES ('1037', '36', '34', 'Filler', 'Filler', '4', '0', '0', '3', '1');
INSERT INTO "LD_PRELOAD_FIELD_DEFINITION" (PRELOAD_FIELD_DEFINITION_ID, PRELOAD_ROW_TYPE_ID, COLUMN_NO, NAME, DESCRIPTION, PRELOAD_FIELD_TYPE_ID, REQUIRED, REL_TYPE, ERROR_SEVERITY, LENGTH) VALUES ('1038', '36', '35', 'Declara', 'Declaración de Salud del cliente', '4', '1', '0', '3', '100');
INSERT INTO "LD_PRELOAD_FIELD_DEFINITION" (PRELOAD_FIELD_DEFINITION_ID, PRELOAD_ROW_TYPE_ID, COLUMN_NO, NAME, DESCRIPTION, PRELOAD_FIELD_TYPE_ID, REQUIRED, REL_TYPE, ERROR_SEVERITY, LENGTH) VALUES ('1039', '36', '36', 'Filler', 'Filler', '4', '0', '0', '3', '155');
INSERT INTO "LD_PRELOAD_FIELD_DEFINITION" (PRELOAD_FIELD_DEFINITION_ID, PRELOAD_ROW_TYPE_ID, COLUMN_NO, NAME, DESCRIPTION, PRELOAD_FIELD_TYPE_ID, REQUIRED, REL_TYPE, ERROR_SEVERITY, LENGTH) VALUES ('1040', '36', '37', 'Peso', 'Peso del asegurado en Klgs', '4', '1', '0', '3', '3');
INSERT INTO "LD_PRELOAD_FIELD_DEFINITION" (PRELOAD_FIELD_DEFINITION_ID, PRELOAD_ROW_TYPE_ID, COLUMN_NO, NAME, DESCRIPTION, PRELOAD_FIELD_TYPE_ID, REQUIRED, REL_TYPE, ERROR_SEVERITY, LENGTH) VALUES ('1041', '36', '38', 'Talla', 'Estatura del asegurado en cms', '4', '1', '0', '3', '3');


-- Pie campos
INSERT INTO "LD_PRELOAD_FIELD_DEFINITION" (PRELOAD_FIELD_DEFINITION_ID, PRELOAD_ROW_TYPE_ID, COLUMN_NO, NAME, DESCRIPTION, PRELOAD_FIELD_TYPE_ID, REQUIRED, ERROR_SEVERITY, LENGTH) VALUES ('1042', '37', '1', 'Tipo Reg', 'Tipo de Registro', '4', '1', '3', '1');
INSERT INTO "LD_PRELOAD_FIELD_DEFINITION" (PRELOAD_FIELD_DEFINITION_ID, PRELOAD_ROW_TYPE_ID, COLUMN_NO, NAME, DESCRIPTION, PRELOAD_FIELD_TYPE_ID, REQUIRED, ERROR_SEVERITY, LENGTH) VALUES ('1043', '37', '2', 'Fec Envio', 'Fecha de envio del archivo (YYYYMMDD)', '7', '1', '3', '8');
INSERT INTO "LD_PRELOAD_FIELD_DEFINITION" (PRELOAD_FIELD_DEFINITION_ID, PRELOAD_ROW_TYPE_ID, COLUMN_NO, NAME, DESCRIPTION, PRELOAD_FIELD_TYPE_ID, REQUIRED, ERROR_SEVERITY, LENGTH) VALUES ('1044', '37', '3', 'Cod Conv', 'Convenio', '4', '1', '3', '3');
INSERT INTO "LD_PRELOAD_FIELD_DEFINITION" (PRELOAD_FIELD_DEFINITION_ID, PRELOAD_ROW_TYPE_ID, COLUMN_NO, NAME, DESCRIPTION, PRELOAD_FIELD_TYPE_ID, REQUIRED, ERROR_SEVERITY, LENGTH) VALUES ('1045', '37', '4', 'Can Detalle', 'Cantidad de registros', '1', '1', '3', '5');
INSERT INTO "LD_PRELOAD_FIELD_DEFINITION" (PRELOAD_FIELD_DEFINITION_ID, PRELOAD_ROW_TYPE_ID, COLUMN_NO, NAME, DESCRIPTION, PRELOAD_FIELD_TYPE_ID, REQUIRED, ERROR_SEVERITY, LENGTH) VALUES ('1046', '37', '5', 'Mto_total', 'Sumatoria de las primas anuales', '2', '1', '3', '12');
INSERT INTO "LD_PRELOAD_FIELD_DEFINITION" (PRELOAD_FIELD_DEFINITION_ID, PRELOAD_ROW_TYPE_ID, COLUMN_NO, NAME, DESCRIPTION, PRELOAD_FIELD_TYPE_ID, REQUIRED, ERROR_SEVERITY, LENGTH) VALUES ('1047', '37', '6', 'Filler', 'Filler', '7', '1', '3', '30');

commit;

---------------------------------------------------
-- DOC-161-CROSS CARGA VENTAS NEOX v2 - Fichero 2 -
---------------------------------------------------
-- File definition
INSERT INTO "LD_PRELOAD_FILE" (PRELOAD_FILE_ID, PRELOAD_DEFINITION_ID, NAME, DESCRIPTION, FILE_TYPE, FILENAME_FORMAT_REGEX) 
VALUES ('11', '3', 'Propuestas con tipos  de personas', 'Archivo con la relación de propuestas con tipos  de personas (e.g. PcsNeo_20170802_2.txt)', 'TXT','PcsNeo_\d{4}\d{2}\d{2}_2.(txt|TXT)');

-- Row types
INSERT INTO "LD_PRELOAD_ROW_TYPE" (PRELOAD_ROW_TYPE_ID, PRELOAD_FILE_ID, NAME, IDENTIFIER_COLUMN_NO, IDENTIFIER_VALUE) VALUES ('38', '11', 'Cabecera (Header)', '1', 'C');
INSERT INTO "LD_PRELOAD_ROW_TYPE" (PRELOAD_ROW_TYPE_ID, PRELOAD_FILE_ID, NAME, IDENTIFIER_COLUMN_NO, IDENTIFIER_VALUE) VALUES ('39', '11', 'Detalle (Detail)', '1', 'D');
INSERT INTO "LD_PRELOAD_ROW_TYPE" (PRELOAD_ROW_TYPE_ID, PRELOAD_FILE_ID, NAME, IDENTIFIER_COLUMN_NO, IDENTIFIER_VALUE) VALUES ('40', '11', 'Pie (Footer)', '1', 'T');

-- Cabecera campos
INSERT INTO "LD_PRELOAD_FIELD_DEFINITION" (PRELOAD_FIELD_DEFINITION_ID, PRELOAD_ROW_TYPE_ID, COLUMN_NO, NAME, DESCRIPTION, PRELOAD_FIELD_TYPE_ID, REQUIRED, ERROR_SEVERITY, LENGTH) VALUES ('1050', '38', '1', 'Tipo Reg', 'Tipo de Registro', '4', '1', '3', '1');
INSERT INTO "LD_PRELOAD_FIELD_DEFINITION" (PRELOAD_FIELD_DEFINITION_ID, PRELOAD_ROW_TYPE_ID, COLUMN_NO, NAME, DESCRIPTION, PRELOAD_FIELD_TYPE_ID, REQUIRED, ERROR_SEVERITY, LENGTH) VALUES ('1051', '38', '2', 'Fec Envio', 'Fecha de envio del archivo (YYYYMMDD)', '7', '1', '3', '8');
INSERT INTO "LD_PRELOAD_FIELD_DEFINITION" (PRELOAD_FIELD_DEFINITION_ID, PRELOAD_ROW_TYPE_ID, COLUMN_NO, NAME, DESCRIPTION, PRELOAD_FIELD_TYPE_ID, REQUIRED, ERROR_SEVERITY, LENGTH) VALUES ('1052', '38', '3', 'Convenio', 'Tipo de convenio BSAN', '4', '1', '3', '3');
INSERT INTO "LD_PRELOAD_FIELD_DEFINITION" (PRELOAD_FIELD_DEFINITION_ID, PRELOAD_ROW_TYPE_ID, COLUMN_NO, NAME, DESCRIPTION, PRELOAD_FIELD_TYPE_ID, REQUIRED, ERROR_SEVERITY, LENGTH) VALUES ('1053', '38', '4', 'Filer', 'Filer', '4', '0', '1', '136');

-- Detalle campos
INSERT INTO "LD_PRELOAD_FIELD_DEFINITION" (PRELOAD_FIELD_DEFINITION_ID, PRELOAD_ROW_TYPE_ID, COLUMN_NO, NAME, DESCRIPTION, PRELOAD_FIELD_TYPE_ID, REQUIRED, REL_TYPE, ERROR_SEVERITY, LENGTH) VALUES ('1054', '39', '1', 'Tipo Reg', 'Tipo de Registro', '4', '1', '0', '3', '1');
INSERT INTO "LD_PRELOAD_FIELD_DEFINITION" (PRELOAD_FIELD_DEFINITION_ID, PRELOAD_ROW_TYPE_ID, COLUMN_NO, NAME, DESCRIPTION, PRELOAD_FIELD_TYPE_ID, REQUIRED, REL_TYPE, ERROR_SEVERITY, LENGTH) VALUES ('1055', '39', '2', 'Fec Envio', 'Fecha de envio del archivo (YYYYMMDD)', '7', '1', '0', '3', '8');
INSERT INTO "LD_PRELOAD_FIELD_DEFINITION" (PRELOAD_FIELD_DEFINITION_ID, PRELOAD_ROW_TYPE_ID, COLUMN_NO, NAME, DESCRIPTION, PRELOAD_FIELD_TYPE_ID, REQUIRED, REL_TYPE, ERROR_SEVERITY, LENGTH) VALUES ('1056', '39', '3', 'Cod Ramo', 'Código de Ramo BSAN', '4', '0', '0', '3', '3');
INSERT INTO "LD_PRELOAD_FIELD_DEFINITION" (PRELOAD_FIELD_DEFINITION_ID, PRELOAD_ROW_TYPE_ID, COLUMN_NO, NAME, DESCRIPTION, PRELOAD_FIELD_TYPE_ID, REQUIRED, REL_TYPE, ERROR_SEVERITY, LENGTH) VALUES ('1057', '39', '4', 'Cod Linea', 'Código de Linea BSAN', '4', '0', '0', '3', '3');
INSERT INTO "LD_PRELOAD_FIELD_DEFINITION" (PRELOAD_FIELD_DEFINITION_ID, PRELOAD_ROW_TYPE_ID, COLUMN_NO, NAME, DESCRIPTION, PRELOAD_FIELD_TYPE_ID, REQUIRED, REL_TYPE, ERROR_SEVERITY, LENGTH) VALUES ('1058', '39', '5', 'Cod Producto', 'Código de Producto BSAN', '4', '0', '0', '3', '3');
INSERT INTO "LD_PRELOAD_FIELD_DEFINITION" (PRELOAD_FIELD_DEFINITION_ID, PRELOAD_ROW_TYPE_ID, COLUMN_NO, NAME, DESCRIPTION, PRELOAD_FIELD_TYPE_ID, REQUIRED, REL_TYPE, ERROR_SEVERITY, LENGTH) VALUES ('1059', '39', '6', 'Num. Propuesta', 'Número de Propuesta BSAN', '1', '1', '0', '3', '8');
INSERT INTO "LD_PRELOAD_FIELD_DEFINITION" (PRELOAD_FIELD_DEFINITION_ID, PRELOAD_ROW_TYPE_ID, COLUMN_NO, NAME, DESCRIPTION, PRELOAD_FIELD_TYPE_ID, REQUIRED, REL_TYPE, ERROR_SEVERITY, LENGTH) VALUES ('1060', '39', '7', 'Cod Tipo Persona', 'Código tipo de persona', '4', '1', '0', '3', '3');
INSERT INTO "LD_PRELOAD_FIELD_DEFINITION" (PRELOAD_FIELD_DEFINITION_ID, PRELOAD_ROW_TYPE_ID, COLUMN_NO, NAME, DESCRIPTION, PRELOAD_FIELD_TYPE_ID, REQUIRED, REL_TYPE, ERROR_SEVERITY, LENGTH) VALUES ('1061', '39', '8', 'Cor Tipo Persona', 'Correlativo por tipo de persona', '1', '1', '0', '3', '2');
INSERT INTO "LD_PRELOAD_FIELD_DEFINITION" (PRELOAD_FIELD_DEFINITION_ID, PRELOAD_ROW_TYPE_ID, COLUMN_NO, NAME, DESCRIPTION, PRELOAD_FIELD_TYPE_ID, REQUIRED, REL_TYPE, ERROR_SEVERITY, LENGTH) VALUES ('1062', '39', '9', 'Rut Persona', 'Rut Persona', '1', '0', '0', '3', '10');
INSERT INTO "LD_PRELOAD_FIELD_DEFINITION" (PRELOAD_FIELD_DEFINITION_ID, PRELOAD_ROW_TYPE_ID, COLUMN_NO, NAME, DESCRIPTION, PRELOAD_FIELD_TYPE_ID, REQUIRED, REL_TYPE, ERROR_SEVERITY, LENGTH) VALUES ('1063', '39', '10', 'Dig Verificador', 'Dígito verificador persona', '1', '0', '0', '3', '1');
INSERT INTO "LD_PRELOAD_FIELD_DEFINITION" (PRELOAD_FIELD_DEFINITION_ID, PRELOAD_ROW_TYPE_ID, COLUMN_NO, NAME, DESCRIPTION, PRELOAD_FIELD_TYPE_ID, REQUIRED, REL_TYPE, ERROR_SEVERITY, LENGTH) VALUES ('1064', '39', '11', 'Cod Relacion', 'Código de relación', '1', '0', '0', '3', '2');

-- Pie campos
INSERT INTO "LD_PRELOAD_FIELD_DEFINITION" (PRELOAD_FIELD_DEFINITION_ID, PRELOAD_ROW_TYPE_ID, COLUMN_NO, NAME, DESCRIPTION, PRELOAD_FIELD_TYPE_ID, REQUIRED, ERROR_SEVERITY, LENGTH) VALUES ('1065', '40', '1', 'Tipo Reg', 'Tipo de Registro', '4', '1', '3', '1');
INSERT INTO "LD_PRELOAD_FIELD_DEFINITION" (PRELOAD_FIELD_DEFINITION_ID, PRELOAD_ROW_TYPE_ID, COLUMN_NO, NAME, DESCRIPTION, PRELOAD_FIELD_TYPE_ID, REQUIRED, ERROR_SEVERITY, LENGTH) VALUES ('1066', '40', '2', 'Fec Envio', 'Fecha de envio del archivo (YYYYMMDD)', '7', '1', '3', '8');
INSERT INTO "LD_PRELOAD_FIELD_DEFINITION" (PRELOAD_FIELD_DEFINITION_ID, PRELOAD_ROW_TYPE_ID, COLUMN_NO, NAME, DESCRIPTION, PRELOAD_FIELD_TYPE_ID, REQUIRED, ERROR_SEVERITY, LENGTH) VALUES ('1067', '40', '3', 'Cod Conv', 'Convenio', '4', '1', '3', '3');
INSERT INTO "LD_PRELOAD_FIELD_DEFINITION" (PRELOAD_FIELD_DEFINITION_ID, PRELOAD_ROW_TYPE_ID, COLUMN_NO, NAME, DESCRIPTION, PRELOAD_FIELD_TYPE_ID, REQUIRED, ERROR_SEVERITY, LENGTH) VALUES ('1068', '40', '4', 'Can Detalle', 'Cantidad de registros', '1', '1', '3', '5');
INSERT INTO "LD_PRELOAD_FIELD_DEFINITION" (PRELOAD_FIELD_DEFINITION_ID, PRELOAD_ROW_TYPE_ID, COLUMN_NO, NAME, DESCRIPTION, PRELOAD_FIELD_TYPE_ID, REQUIRED, ERROR_SEVERITY, LENGTH) VALUES ('1069', '40', '5', 'Mto_total', 'Sumatoria de las primas anuales', '2', '1', '3', '12');
INSERT INTO "LD_PRELOAD_FIELD_DEFINITION" (PRELOAD_FIELD_DEFINITION_ID, PRELOAD_ROW_TYPE_ID, COLUMN_NO, NAME, DESCRIPTION, PRELOAD_FIELD_TYPE_ID, REQUIRED, ERROR_SEVERITY, LENGTH) VALUES ('1070', '40', '6', 'Filler', 'Filler', '7', '1', '3', '30');

commit;


---------------------------------------------------
-- DOC-161-CROSS CARGA VENTAS NEOX v2 - Fichero 3 -
---------------------------------------------------
-- File definition
INSERT INTO "LD_PRELOAD_FILE" (PRELOAD_FILE_ID, PRELOAD_DEFINITION_ID, NAME, DESCRIPTION, FILE_TYPE, FILENAME_FORMAT_REGEX) 
VALUES ('12', '3', 'Beneficiarios, Asegurados Adicionales', 'En este archivo contiene los Beneficiarios, Asegurados Adicionales y/o Grupo Familiar por propuesta, esto dependerá como está definido en el Archivo 2, por la relación con Código tipo de persona. (e.g. PcsNeo_20170802_3.txt)', 'TXT','PcsNeo_\d{4}\d{2}\d{2}_3.(txt|TXT)');

-- Row types
INSERT INTO "LD_PRELOAD_ROW_TYPE" (PRELOAD_ROW_TYPE_ID, PRELOAD_FILE_ID, NAME, IDENTIFIER_COLUMN_NO, IDENTIFIER_VALUE) VALUES ('41', '12', 'Cabecera (Header)', '1', 'C');
INSERT INTO "LD_PRELOAD_ROW_TYPE" (PRELOAD_ROW_TYPE_ID, PRELOAD_FILE_ID, NAME, IDENTIFIER_COLUMN_NO, IDENTIFIER_VALUE) VALUES ('42', '12', 'Detalle (Detail)', '1', 'D');
INSERT INTO "LD_PRELOAD_ROW_TYPE" (PRELOAD_ROW_TYPE_ID, PRELOAD_FILE_ID, NAME, IDENTIFIER_COLUMN_NO, IDENTIFIER_VALUE) VALUES ('43', '12', 'Pie (Footer)', '1', 'T');

-- Cabecera campos
INSERT INTO "LD_PRELOAD_FIELD_DEFINITION" (PRELOAD_FIELD_DEFINITION_ID, PRELOAD_ROW_TYPE_ID, COLUMN_NO, NAME, DESCRIPTION, PRELOAD_FIELD_TYPE_ID, REQUIRED, ERROR_SEVERITY, LENGTH) VALUES ('1100', '41', '1', 'Tipo Reg', 'Tipo de Registro', '4', '1', '3', '1');
INSERT INTO "LD_PRELOAD_FIELD_DEFINITION" (PRELOAD_FIELD_DEFINITION_ID, PRELOAD_ROW_TYPE_ID, COLUMN_NO, NAME, DESCRIPTION, PRELOAD_FIELD_TYPE_ID, REQUIRED, ERROR_SEVERITY, LENGTH) VALUES ('1101', '41', '2', 'Fec Envio', 'Fecha de envio del archivo (YYYYMMDD)', '7', '1', '3', '8');
INSERT INTO "LD_PRELOAD_FIELD_DEFINITION" (PRELOAD_FIELD_DEFINITION_ID, PRELOAD_ROW_TYPE_ID, COLUMN_NO, NAME, DESCRIPTION, PRELOAD_FIELD_TYPE_ID, REQUIRED, ERROR_SEVERITY, LENGTH) VALUES ('1102', '41', '3', 'Convenio', 'Tipo de convenio BSAN', '4', '1', '3', '3');
INSERT INTO "LD_PRELOAD_FIELD_DEFINITION" (PRELOAD_FIELD_DEFINITION_ID, PRELOAD_ROW_TYPE_ID, COLUMN_NO, NAME, DESCRIPTION, PRELOAD_FIELD_TYPE_ID, REQUIRED, ERROR_SEVERITY, LENGTH) VALUES ('1103', '41', '4', 'Filer', 'Filer', '4', '0', '1', '136');

-- Detalle campos
INSERT INTO "LD_PRELOAD_FIELD_DEFINITION" (PRELOAD_FIELD_DEFINITION_ID, PRELOAD_ROW_TYPE_ID, COLUMN_NO, NAME, DESCRIPTION, PRELOAD_FIELD_TYPE_ID, REQUIRED, REL_TYPE, ERROR_SEVERITY, LENGTH) VALUES ('1104', '42', '1', 'Tipo Reg', 'Tipo de Registro', '4', '1', '0', '3', '1');
INSERT INTO "LD_PRELOAD_FIELD_DEFINITION" (PRELOAD_FIELD_DEFINITION_ID, PRELOAD_ROW_TYPE_ID, COLUMN_NO, NAME, DESCRIPTION, PRELOAD_FIELD_TYPE_ID, REQUIRED, REL_TYPE, ERROR_SEVERITY, LENGTH) VALUES ('1105', '42', '2', 'Fec Envio', 'Fecha de envio del archivo (YYYYMMDD)', '7', '1', '0', '3', '8');
INSERT INTO "LD_PRELOAD_FIELD_DEFINITION" (PRELOAD_FIELD_DEFINITION_ID, PRELOAD_ROW_TYPE_ID, COLUMN_NO, NAME, DESCRIPTION, PRELOAD_FIELD_TYPE_ID, REQUIRED, REL_TYPE, ERROR_SEVERITY, LENGTH) VALUES ('1106', '42', '3', 'Cod Ramo', 'Código de Ramo BSAN', '4', '0', '0', '3', '3');
INSERT INTO "LD_PRELOAD_FIELD_DEFINITION" (PRELOAD_FIELD_DEFINITION_ID, PRELOAD_ROW_TYPE_ID, COLUMN_NO, NAME, DESCRIPTION, PRELOAD_FIELD_TYPE_ID, REQUIRED, REL_TYPE, ERROR_SEVERITY, LENGTH) VALUES ('1107', '42', '4', 'Cod Linea', 'Código de Linea BSAN', '4', '0', '0', '3', '3');
INSERT INTO "LD_PRELOAD_FIELD_DEFINITION" (PRELOAD_FIELD_DEFINITION_ID, PRELOAD_ROW_TYPE_ID, COLUMN_NO, NAME, DESCRIPTION, PRELOAD_FIELD_TYPE_ID, REQUIRED, REL_TYPE, ERROR_SEVERITY, LENGTH) VALUES ('1108', '42', '5', 'Cod Producto', 'Código de Producto BSAN', '4', '0', '0', '3', '3');
INSERT INTO "LD_PRELOAD_FIELD_DEFINITION" (PRELOAD_FIELD_DEFINITION_ID, PRELOAD_ROW_TYPE_ID, COLUMN_NO, NAME, DESCRIPTION, PRELOAD_FIELD_TYPE_ID, REQUIRED, REL_TYPE, ERROR_SEVERITY, LENGTH) VALUES ('1109', '42', '6', 'Num. Propuesta', 'Número de Propuesta BSAN', '1', '1', '0', '3', '8');
INSERT INTO "LD_PRELOAD_FIELD_DEFINITION" (PRELOAD_FIELD_DEFINITION_ID, PRELOAD_ROW_TYPE_ID, COLUMN_NO, NAME, DESCRIPTION, PRELOAD_FIELD_TYPE_ID, REQUIRED, REL_TYPE, ERROR_SEVERITY, LENGTH) VALUES ('1110', '42', '7', 'Filler', 'Filler', '4', '0', '0', '3', '1');
INSERT INTO "LD_PRELOAD_FIELD_DEFINITION" (PRELOAD_FIELD_DEFINITION_ID, PRELOAD_ROW_TYPE_ID, COLUMN_NO, NAME, DESCRIPTION, PRELOAD_FIELD_TYPE_ID, REQUIRED, REL_TYPE, ERROR_SEVERITY, LENGTH) VALUES ('1111', '42', '8', 'Rut_Benef', 'Rut Beneficiario', '4', '1', '0', '3', '9');
INSERT INTO "LD_PRELOAD_FIELD_DEFINITION" (PRELOAD_FIELD_DEFINITION_ID, PRELOAD_ROW_TYPE_ID, COLUMN_NO, NAME, DESCRIPTION, PRELOAD_FIELD_TYPE_ID, REQUIRED, REL_TYPE, ERROR_SEVERITY, LENGTH) VALUES ('1112', '42', '9', 'Dig verificador', 'Dígito verificador beneficiario', '4', '1', '0', '3', '1');
INSERT INTO "LD_PRELOAD_FIELD_DEFINITION" (PRELOAD_FIELD_DEFINITION_ID, PRELOAD_ROW_TYPE_ID, COLUMN_NO, NAME, DESCRIPTION, PRELOAD_FIELD_TYPE_ID, REQUIRED, REL_TYPE, ERROR_SEVERITY, LENGTH) VALUES ('1113', '42', '10', 'Filler', 'Filler', '4', '0', '0', '3', '3');
INSERT INTO "LD_PRELOAD_FIELD_DEFINITION" (PRELOAD_FIELD_DEFINITION_ID, PRELOAD_ROW_TYPE_ID, COLUMN_NO, NAME, DESCRIPTION, PRELOAD_FIELD_TYPE_ID, REQUIRED, REL_TYPE, ERROR_SEVERITY, LENGTH) VALUES ('1114', '42', '11', 'Por. Cobertura', 'Porcentaje de cobertura por beneficiario', '4', '0', '0', '3', '3');
INSERT INTO "LD_PRELOAD_FIELD_DEFINITION" (PRELOAD_FIELD_DEFINITION_ID, PRELOAD_ROW_TYPE_ID, COLUMN_NO, NAME, DESCRIPTION, PRELOAD_FIELD_TYPE_ID, REQUIRED, REL_TYPE, ERROR_SEVERITY, LENGTH) VALUES ('1115', '42', '12', 'Filler', 'Filler', '4', '0', '0', '3', '3');
INSERT INTO "LD_PRELOAD_FIELD_DEFINITION" (PRELOAD_FIELD_DEFINITION_ID, PRELOAD_ROW_TYPE_ID, COLUMN_NO, NAME, DESCRIPTION, PRELOAD_FIELD_TYPE_ID, REQUIRED, REL_TYPE, ERROR_SEVERITY, LENGTH) VALUES ('1116', '42', '13', 'Cod_Tipobene', 'Código de tipo de beneficiario', '4', '0', '0', '3', '1');

-- Pie campos
INSERT INTO "LD_PRELOAD_FIELD_DEFINITION" (PRELOAD_FIELD_DEFINITION_ID, PRELOAD_ROW_TYPE_ID, COLUMN_NO, NAME, DESCRIPTION, PRELOAD_FIELD_TYPE_ID, REQUIRED, ERROR_SEVERITY, LENGTH) VALUES ('1117', '43', '1', 'Tipo Reg', 'Tipo de Registro', '4', '1', '3', '1');
INSERT INTO "LD_PRELOAD_FIELD_DEFINITION" (PRELOAD_FIELD_DEFINITION_ID, PRELOAD_ROW_TYPE_ID, COLUMN_NO, NAME, DESCRIPTION, PRELOAD_FIELD_TYPE_ID, REQUIRED, ERROR_SEVERITY, LENGTH) VALUES ('1118', '43', '2', 'Fec Envio', 'Fecha de envio del archivo (YYYYMMDD)', '7', '1', '3', '8');
INSERT INTO "LD_PRELOAD_FIELD_DEFINITION" (PRELOAD_FIELD_DEFINITION_ID, PRELOAD_ROW_TYPE_ID, COLUMN_NO, NAME, DESCRIPTION, PRELOAD_FIELD_TYPE_ID, REQUIRED, ERROR_SEVERITY, LENGTH) VALUES ('1119', '43', '3', 'Cod Conv', 'Convenio', '4', '1', '3', '3');
INSERT INTO "LD_PRELOAD_FIELD_DEFINITION" (PRELOAD_FIELD_DEFINITION_ID, PRELOAD_ROW_TYPE_ID, COLUMN_NO, NAME, DESCRIPTION, PRELOAD_FIELD_TYPE_ID, REQUIRED, ERROR_SEVERITY, LENGTH) VALUES ('1120', '43', '4', 'Can Detalle', 'Cantidad de registros', '1', '1', '3', '5');
INSERT INTO "LD_PRELOAD_FIELD_DEFINITION" (PRELOAD_FIELD_DEFINITION_ID, PRELOAD_ROW_TYPE_ID, COLUMN_NO, NAME, DESCRIPTION, PRELOAD_FIELD_TYPE_ID, REQUIRED, ERROR_SEVERITY, LENGTH) VALUES ('1121', '43', '5', 'Mto_total', 'Sumatoria de las primas anuales', '2', '1', '3', '12');
INSERT INTO "LD_PRELOAD_FIELD_DEFINITION" (PRELOAD_FIELD_DEFINITION_ID, PRELOAD_ROW_TYPE_ID, COLUMN_NO, NAME, DESCRIPTION, PRELOAD_FIELD_TYPE_ID, REQUIRED, ERROR_SEVERITY, LENGTH) VALUES ('1122', '43', '6', 'Filler', 'Filler', '7', '1', '3', '30');

commit;


---------------------------------------------------
-- DOC-161-CROSS CARGA VENTAS NEOX v2 - Fichero 4 -
---------------------------------------------------
-- File definition
INSERT INTO "LD_PRELOAD_FILE" (PRELOAD_FILE_ID, PRELOAD_DEFINITION_ID, NAME, DESCRIPTION, FILE_TYPE, FILENAME_FORMAT_REGEX) 
VALUES ('13', '3', 'Datos demográficos de personas', 'Información y datos demográficos de personas. (e.g. PcsNeo_20170802_4.txt)', 'TXT','PcsNeo_\d{4}\d{2}\d{2}_4.(txt|TXT)');

-- Row types
INSERT INTO "LD_PRELOAD_ROW_TYPE" (PRELOAD_ROW_TYPE_ID, PRELOAD_FILE_ID, NAME, IDENTIFIER_COLUMN_NO, IDENTIFIER_VALUE) VALUES ('44', '13', 'Cabecera (Header)', '1', 'C');
INSERT INTO "LD_PRELOAD_ROW_TYPE" (PRELOAD_ROW_TYPE_ID, PRELOAD_FILE_ID, NAME, IDENTIFIER_COLUMN_NO, IDENTIFIER_VALUE) VALUES ('45', '13', 'Detalle (Detail)', '1', 'D');
INSERT INTO "LD_PRELOAD_ROW_TYPE" (PRELOAD_ROW_TYPE_ID, PRELOAD_FILE_ID, NAME, IDENTIFIER_COLUMN_NO, IDENTIFIER_VALUE) VALUES ('46', '13', 'Pie (Footer)', '1', 'T');

-- Cabecera campos
INSERT INTO "LD_PRELOAD_FIELD_DEFINITION" (PRELOAD_FIELD_DEFINITION_ID, PRELOAD_ROW_TYPE_ID, COLUMN_NO, NAME, DESCRIPTION, PRELOAD_FIELD_TYPE_ID, REQUIRED, ERROR_SEVERITY, LENGTH) VALUES ('1150', '44', '1', 'Tipo Reg', 'Tipo de Registro', '4', '1', '3', '1');
INSERT INTO "LD_PRELOAD_FIELD_DEFINITION" (PRELOAD_FIELD_DEFINITION_ID, PRELOAD_ROW_TYPE_ID, COLUMN_NO, NAME, DESCRIPTION, PRELOAD_FIELD_TYPE_ID, REQUIRED, ERROR_SEVERITY, LENGTH) VALUES ('1151', '44', '2', 'Fec Envio', 'Fecha de envio del archivo (YYYYMMDD)', '7', '1', '3', '8');
INSERT INTO "LD_PRELOAD_FIELD_DEFINITION" (PRELOAD_FIELD_DEFINITION_ID, PRELOAD_ROW_TYPE_ID, COLUMN_NO, NAME, DESCRIPTION, PRELOAD_FIELD_TYPE_ID, REQUIRED, ERROR_SEVERITY, LENGTH) VALUES ('1152', '44', '3', 'Convenio', 'Tipo de convenio BSAN', '4', '1', '3', '3');
INSERT INTO "LD_PRELOAD_FIELD_DEFINITION" (PRELOAD_FIELD_DEFINITION_ID, PRELOAD_ROW_TYPE_ID, COLUMN_NO, NAME, DESCRIPTION, PRELOAD_FIELD_TYPE_ID, REQUIRED, ERROR_SEVERITY, LENGTH) VALUES ('1153', '44', '4', 'Filer', 'Filer', '4', '0', '1', '136');

-- Detalle campos
INSERT INTO "LD_PRELOAD_FIELD_DEFINITION" (PRELOAD_FIELD_DEFINITION_ID, PRELOAD_ROW_TYPE_ID, COLUMN_NO, NAME, DESCRIPTION, PRELOAD_FIELD_TYPE_ID, REQUIRED, REL_TYPE, ERROR_SEVERITY, LENGTH) VALUES ('1154', '45', '1', 'Tipo Reg', 'Tipo de Registro', '4', '1', '0', '3', '1');
INSERT INTO "LD_PRELOAD_FIELD_DEFINITION" (PRELOAD_FIELD_DEFINITION_ID, PRELOAD_ROW_TYPE_ID, COLUMN_NO, NAME, DESCRIPTION, PRELOAD_FIELD_TYPE_ID, REQUIRED, REL_TYPE, ERROR_SEVERITY, LENGTH) VALUES ('1155', '45', '2', 'Fec Envio', 'Fecha de envio del archivo (YYYYMMDD)', '7', '1', '0', '3', '8');
INSERT INTO "LD_PRELOAD_FIELD_DEFINITION" (PRELOAD_FIELD_DEFINITION_ID, PRELOAD_ROW_TYPE_ID, COLUMN_NO, NAME, DESCRIPTION, PRELOAD_FIELD_TYPE_ID, REQUIRED, REL_TYPE, ERROR_SEVERITY, LENGTH) VALUES ('1156', '45', '3', 'Filler', 'Filler', '4', '1', '0', '3', '2');
INSERT INTO "LD_PRELOAD_FIELD_DEFINITION" (PRELOAD_FIELD_DEFINITION_ID, PRELOAD_ROW_TYPE_ID, COLUMN_NO, NAME, DESCRIPTION, PRELOAD_FIELD_TYPE_ID, REQUIRED, REL_TYPE, ERROR_SEVERITY, LENGTH) VALUES ('1157', '45', '4', 'Rut', 'Rut Contratante', '4', '1', '0', '3', '9');
INSERT INTO "LD_PRELOAD_FIELD_DEFINITION" (PRELOAD_FIELD_DEFINITION_ID, PRELOAD_ROW_TYPE_ID, COLUMN_NO, NAME, DESCRIPTION, PRELOAD_FIELD_TYPE_ID, REQUIRED, REL_TYPE, ERROR_SEVERITY, LENGTH) VALUES ('1158', '45', '5', 'Filler', 'Filler', '4', '0', '0', '3', '1');
INSERT INTO "LD_PRELOAD_FIELD_DEFINITION" (PRELOAD_FIELD_DEFINITION_ID, PRELOAD_ROW_TYPE_ID, COLUMN_NO, NAME, DESCRIPTION, PRELOAD_FIELD_TYPE_ID, REQUIRED, REL_TYPE, ERROR_SEVERITY, LENGTH) VALUES ('1159', '45', '6', 'Ape Paterno', 'Apellido perterno', '4', '1', '0', '3', '20');
INSERT INTO "LD_PRELOAD_FIELD_DEFINITION" (PRELOAD_FIELD_DEFINITION_ID, PRELOAD_ROW_TYPE_ID, COLUMN_NO, NAME, DESCRIPTION, PRELOAD_FIELD_TYPE_ID, REQUIRED, REL_TYPE, ERROR_SEVERITY, LENGTH) VALUES ('1160', '45', '7', 'Ape Materno', 'Apellido perterno', '4', '1', '0', '3', '20');
INSERT INTO "LD_PRELOAD_FIELD_DEFINITION" (PRELOAD_FIELD_DEFINITION_ID, PRELOAD_ROW_TYPE_ID, COLUMN_NO, NAME, DESCRIPTION, PRELOAD_FIELD_TYPE_ID, REQUIRED, REL_TYPE, ERROR_SEVERITY, LENGTH) VALUES ('1161', '45', '8', 'Nombres', 'Nombre', '4', '1', '0', '3', '25');
INSERT INTO "LD_PRELOAD_FIELD_DEFINITION" (PRELOAD_FIELD_DEFINITION_ID, PRELOAD_ROW_TYPE_ID, COLUMN_NO, NAME, DESCRIPTION, PRELOAD_FIELD_TYPE_ID, REQUIRED, REL_TYPE, ERROR_SEVERITY, LENGTH) VALUES ('1162', '45', '9', 'Fec Nacimento', 'Fecha de nacimento', '7', '1', '0', '3', '8');
INSERT INTO "LD_PRELOAD_FIELD_DEFINITION" (PRELOAD_FIELD_DEFINITION_ID, PRELOAD_ROW_TYPE_ID, COLUMN_NO, NAME, DESCRIPTION, PRELOAD_FIELD_TYPE_ID, REQUIRED, REL_TYPE, ERROR_SEVERITY, LENGTH) VALUES ('1163', '45', '10', 'Cod sexo', 'Codigo sexo', '4', '1', '0', '3', '1');
INSERT INTO "LD_PRELOAD_FIELD_DEFINITION" (PRELOAD_FIELD_DEFINITION_ID, PRELOAD_ROW_TYPE_ID, COLUMN_NO, NAME, DESCRIPTION, PRELOAD_FIELD_TYPE_ID, REQUIRED, REL_TYPE, ERROR_SEVERITY, LENGTH) VALUES ('1164', '45', '11', 'Cod est civil', 'Codigo estado civil', '4', '1', '0', '3', '1');
INSERT INTO "LD_PRELOAD_FIELD_DEFINITION" (PRELOAD_FIELD_DEFINITION_ID, PRELOAD_ROW_TYPE_ID, COLUMN_NO, NAME, DESCRIPTION, PRELOAD_FIELD_TYPE_ID, REQUIRED, REL_TYPE, ERROR_SEVERITY, LENGTH) VALUES ('1165', '45', '12', 'Fono', 'Telefono contacto', '4', '1', '0', '3', '20');
INSERT INTO "LD_PRELOAD_FIELD_DEFINITION" (PRELOAD_FIELD_DEFINITION_ID, PRELOAD_ROW_TYPE_ID, COLUMN_NO, NAME, DESCRIPTION, PRELOAD_FIELD_TYPE_ID, REQUIRED, REL_TYPE, ERROR_SEVERITY, LENGTH) VALUES ('1166', '45', '13', 'Cod Ciudad', 'Codigo de ciudad', '4', '1', '0', '3', '5');
INSERT INTO "LD_PRELOAD_FIELD_DEFINITION" (PRELOAD_FIELD_DEFINITION_ID, PRELOAD_ROW_TYPE_ID, COLUMN_NO, NAME, DESCRIPTION, PRELOAD_FIELD_TYPE_ID, REQUIRED, REL_TYPE, ERROR_SEVERITY, LENGTH) VALUES ('1167', '45', '14', 'Cod Comuna', 'Codigo de comuna', '4', '1', '0', '3', '5');
INSERT INTO "LD_PRELOAD_FIELD_DEFINITION" (PRELOAD_FIELD_DEFINITION_ID, PRELOAD_ROW_TYPE_ID, COLUMN_NO, NAME, DESCRIPTION, PRELOAD_FIELD_TYPE_ID, REQUIRED, REL_TYPE, ERROR_SEVERITY, LENGTH) VALUES ('1168', '45', '15', 'Direccion', 'Direccion', '4', '1', '0', '3', '80');
INSERT INTO "LD_PRELOAD_FIELD_DEFINITION" (PRELOAD_FIELD_DEFINITION_ID, PRELOAD_ROW_TYPE_ID, COLUMN_NO, NAME, DESCRIPTION, PRELOAD_FIELD_TYPE_ID, REQUIRED, REL_TYPE, ERROR_SEVERITY, LENGTH) VALUES ('1169', '45', '16', 'Rta_mes', 'Renta mensual', '1', '0', '0', '3', '12');

-- Pie campos
INSERT INTO "LD_PRELOAD_FIELD_DEFINITION" (PRELOAD_FIELD_DEFINITION_ID, PRELOAD_ROW_TYPE_ID, COLUMN_NO, NAME, DESCRIPTION, PRELOAD_FIELD_TYPE_ID, REQUIRED, ERROR_SEVERITY, LENGTH) VALUES ('1170', '46', '1', 'Tipo Reg', 'Tipo de Registro', '4', '1', '3', '1');
INSERT INTO "LD_PRELOAD_FIELD_DEFINITION" (PRELOAD_FIELD_DEFINITION_ID, PRELOAD_ROW_TYPE_ID, COLUMN_NO, NAME, DESCRIPTION, PRELOAD_FIELD_TYPE_ID, REQUIRED, ERROR_SEVERITY, LENGTH) VALUES ('1171', '46', '2', 'Fec Envio', 'Fecha de envio del archivo (YYYYMMDD)', '7', '1', '3', '8');
INSERT INTO "LD_PRELOAD_FIELD_DEFINITION" (PRELOAD_FIELD_DEFINITION_ID, PRELOAD_ROW_TYPE_ID, COLUMN_NO, NAME, DESCRIPTION, PRELOAD_FIELD_TYPE_ID, REQUIRED, ERROR_SEVERITY, LENGTH) VALUES ('1172', '46', '3', 'Cod Conv', 'Convenio', '4', '1', '3', '3');
INSERT INTO "LD_PRELOAD_FIELD_DEFINITION" (PRELOAD_FIELD_DEFINITION_ID, PRELOAD_ROW_TYPE_ID, COLUMN_NO, NAME, DESCRIPTION, PRELOAD_FIELD_TYPE_ID, REQUIRED, ERROR_SEVERITY, LENGTH) VALUES ('1173', '46', '4', 'Can Detalle', 'Cantidad de registros', '1', '1', '3', '5');
INSERT INTO "LD_PRELOAD_FIELD_DEFINITION" (PRELOAD_FIELD_DEFINITION_ID, PRELOAD_ROW_TYPE_ID, COLUMN_NO, NAME, DESCRIPTION, PRELOAD_FIELD_TYPE_ID, REQUIRED, ERROR_SEVERITY, LENGTH) VALUES ('1174', '46', '5', 'Mto_total', 'Sumatoria de las primas anuales', '2', '1', '3', '12');
INSERT INTO "LD_PRELOAD_FIELD_DEFINITION" (PRELOAD_FIELD_DEFINITION_ID, PRELOAD_ROW_TYPE_ID, COLUMN_NO, NAME, DESCRIPTION, PRELOAD_FIELD_TYPE_ID, REQUIRED, ERROR_SEVERITY, LENGTH) VALUES ('1175', '46', '6', 'Filler', 'Filler', '7', '1', '3', '30');

commit;
