-----------------------------------------------------
-- DOC-144-CROSS Traspaso Seguros BSAN a Gesvida v2 -
-----------------------------------------------------

-- Delete the pervious version of the load definition. (THIS IS A CASADE DETELE!!!!!!)
DELETE FROM "LD_PRELOAD_DEFINITION" WHERE PRELOAD_DEFINITION_ID = 1;

-- Create the new preload definition.
INSERT INTO "LD_PRELOAD_DEFINITION" (PRELOAD_DEFINITION_ID, PRELOAD_DEFINITION_GROUP_ID, NAME, MAX_PRELOAD_LOW_ERRORS, MAX_PRELOAD_MEDIUM_ERRORS, MAX_PRELOAD_HIGH_ERRORS, LOAD_IF_PRELOAD_OK) VALUES ('1', '1', 'Traspaso Seguros BSAN a Gesvida v2', '10', '5', '0', '0');


------------------------------
-- DOC-144-CROSS - Fichero 1 -
------------------------------

-- File definition
INSERT INTO "LD_PRELOAD_FILE" (PRELOAD_FILE_ID, PRELOAD_DEFINITION_ID, NAME, DESCRIPTION, FILE_TYPE, FILENAME_FORMAT_REGEX) 
VALUES ('1', '1', 'Información general de las ventas', 'Archivo con información general de las ventas (propuestas) (e.g. pcs20170725_1.txt)', 'TXT','pcs\d{4}\d{2}\d{2}_1.(txt|TXT)');

-- Row types
INSERT INTO "LD_PRELOAD_ROW_TYPE" (PRELOAD_ROW_TYPE_ID, PRELOAD_FILE_ID, NAME, IDENTIFIER_COLUMN_NO, IDENTIFIER_VALUE) VALUES ('1', '1', 'Cabecera (Header)', '1', 'C');
INSERT INTO "LD_PRELOAD_ROW_TYPE" (PRELOAD_ROW_TYPE_ID, PRELOAD_FILE_ID, NAME, IDENTIFIER_COLUMN_NO, IDENTIFIER_VALUE) VALUES ('2', '1', 'Detalle (Detail)', '1', 'D');
INSERT INTO "LD_PRELOAD_ROW_TYPE" (PRELOAD_ROW_TYPE_ID, PRELOAD_FILE_ID, NAME, IDENTIFIER_COLUMN_NO, IDENTIFIER_VALUE) VALUES ('3', '1', 'Pie (Footer)', '1', 'T');

-- Cabecera campos
INSERT INTO "LD_PRELOAD_FIELD_DEFINITION" (PRELOAD_FIELD_DEFINITION_ID, PRELOAD_ROW_TYPE_ID, COLUMN_NO, NAME, DESCRIPTION, PRELOAD_FIELD_TYPE_ID, REQUIRED, ERROR_SEVERITY, LENGTH) VALUES ('1', '1', '1', 'Tipo Reg', 'Tipo de Registro', '4', '1', '3', '1');
INSERT INTO "LD_PRELOAD_FIELD_DEFINITION" (PRELOAD_FIELD_DEFINITION_ID, PRELOAD_ROW_TYPE_ID, COLUMN_NO, NAME, DESCRIPTION, PRELOAD_FIELD_TYPE_ID, REQUIRED, ERROR_SEVERITY, LENGTH) VALUES ('2', '1', '2', 'Fec Envio', 'Fecha de envio del archivo (YYYYMMDD)', '7', '1', '3', '8');
INSERT INTO "LD_PRELOAD_FIELD_DEFINITION" (PRELOAD_FIELD_DEFINITION_ID, PRELOAD_ROW_TYPE_ID, COLUMN_NO, NAME, DESCRIPTION, PRELOAD_FIELD_TYPE_ID, REQUIRED, ERROR_SEVERITY, LENGTH) VALUES ('3', '1', '3', 'Convenio', 'Tipo de convenio BSAN', '4', '1', '3', '3');
INSERT INTO "LD_PRELOAD_FIELD_DEFINITION" (PRELOAD_FIELD_DEFINITION_ID, PRELOAD_ROW_TYPE_ID, COLUMN_NO, NAME, DESCRIPTION, PRELOAD_FIELD_TYPE_ID, REQUIRED, ERROR_SEVERITY, LENGTH) VALUES ('4', '1', '4', 'Filer', 'Filer', '4', '0', '1', '136');

-- Detalle campos
INSERT INTO "LD_PRELOAD_FIELD_DEFINITION" (PRELOAD_FIELD_DEFINITION_ID, PRELOAD_ROW_TYPE_ID, COLUMN_NO, NAME, DESCRIPTION, PRELOAD_FIELD_TYPE_ID, REQUIRED, REL_TYPE, ERROR_SEVERITY, LENGTH) VALUES ('5', '2', '1', 'Tipo Reg', 'Tipo de Registro', '4', '1', '0', '3', '1');
INSERT INTO "LD_PRELOAD_FIELD_DEFINITION" (PRELOAD_FIELD_DEFINITION_ID, PRELOAD_ROW_TYPE_ID, COLUMN_NO, NAME, DESCRIPTION, PRELOAD_FIELD_TYPE_ID, REQUIRED, REL_TYPE, ERROR_SEVERITY, LENGTH) VALUES ('6', '2', '2', 'Fec Envio', 'Fecha de envio del archivo (YYYYMMDD)', '7', '1', '0', '3', '8');
INSERT INTO "LD_PRELOAD_FIELD_DEFINITION" (PRELOAD_FIELD_DEFINITION_ID, PRELOAD_ROW_TYPE_ID, COLUMN_NO, NAME, DESCRIPTION, PRELOAD_FIELD_TYPE_ID, REQUIRED, REL_TYPE, ERROR_SEVERITY, LENGTH) VALUES ('7', '2', '3', 'Cod. Conv.', 'Tipo de convenio BSAN', '4', '1', '0', '3', '3');
INSERT INTO "LD_PRELOAD_FIELD_DEFINITION" (PRELOAD_FIELD_DEFINITION_ID, PRELOAD_ROW_TYPE_ID, COLUMN_NO, NAME, DESCRIPTION, PRELOAD_FIELD_TYPE_ID, REQUIRED, REL_TYPE, ERROR_SEVERITY, LENGTH) VALUES ('8', '2', '4', 'Tipo Trans.', 'Codigo de envio BSAN', '4', '1', '0', '3', '6');
INSERT INTO "LD_PRELOAD_FIELD_DEFINITION" (PRELOAD_FIELD_DEFINITION_ID, PRELOAD_ROW_TYPE_ID, COLUMN_NO, NAME, DESCRIPTION, PRELOAD_FIELD_TYPE_ID, REQUIRED, REL_TYPE, ERROR_SEVERITY, LENGTH) VALUES ('9', '2', '5', 'Cod Ramo', 'Codigo de Ramo BSAN', '4', '1', '0', '3', '3');
INSERT INTO "LD_PRELOAD_FIELD_DEFINITION" (PRELOAD_FIELD_DEFINITION_ID, PRELOAD_ROW_TYPE_ID, COLUMN_NO, NAME, DESCRIPTION, PRELOAD_FIELD_TYPE_ID, REQUIRED, REL_TYPE, ERROR_SEVERITY, LENGTH) VALUES ('10', '2', '6', 'Cod Linea', 'Codigo de Linea BSAN', '4', '1', '0', '3', '3');
INSERT INTO "LD_PRELOAD_FIELD_DEFINITION" (PRELOAD_FIELD_DEFINITION_ID, PRELOAD_ROW_TYPE_ID, COLUMN_NO, NAME, DESCRIPTION, PRELOAD_FIELD_TYPE_ID, REQUIRED, REL_TYPE, ERROR_SEVERITY, LENGTH) VALUES ('11', '2', '7', 'Cod Producto', 'Codigo de Producto BSAN', '4', '1', '0', '3', '3');
INSERT INTO "LD_PRELOAD_FIELD_DEFINITION" (PRELOAD_FIELD_DEFINITION_ID, PRELOAD_ROW_TYPE_ID, COLUMN_NO, NAME, DESCRIPTION, PRELOAD_FIELD_TYPE_ID, REQUIRED, REL_TYPE, ERROR_SEVERITY, LENGTH) VALUES ('12', '2', '8', 'Num Propuesta', 'Codigo de Propuesta BSAN', '1', '1', '0', '3', '8');
INSERT INTO "LD_PRELOAD_FIELD_DEFINITION" (PRELOAD_FIELD_DEFINITION_ID, PRELOAD_ROW_TYPE_ID, COLUMN_NO, NAME, DESCRIPTION, PRELOAD_FIELD_TYPE_ID, REQUIRED, REL_TYPE, ERROR_SEVERITY, LENGTH) VALUES ('13', '2', '9', 'Num. Poliza', 'Numero de poliza', '1', '1', '0', '3', '12');
INSERT INTO "LD_PRELOAD_FIELD_DEFINITION" (PRELOAD_FIELD_DEFINITION_ID, PRELOAD_ROW_TYPE_ID, COLUMN_NO, NAME, DESCRIPTION, PRELOAD_FIELD_TYPE_ID, REQUIRED, REL_TYPE, ERROR_SEVERITY, LENGTH) VALUES ('14', '2', '10', 'Cod Plan', 'Codigo de plan', '4', '1', '0', '3', '3');
INSERT INTO "LD_PRELOAD_FIELD_DEFINITION" (PRELOAD_FIELD_DEFINITION_ID, PRELOAD_ROW_TYPE_ID, COLUMN_NO, NAME, DESCRIPTION, PRELOAD_FIELD_TYPE_ID, REQUIRED, REL_TYPE, ERROR_SEVERITY, LENGTH) VALUES ('15', '2', '11', 'Fec Venta', 'Fech de venta (YYYYMMDD)', '7', '1', '0', '3', '8');
INSERT INTO "LD_PRELOAD_FIELD_DEFINITION" (PRELOAD_FIELD_DEFINITION_ID, PRELOAD_ROW_TYPE_ID, COLUMN_NO, NAME, DESCRIPTION, PRELOAD_FIELD_TYPE_ID, REQUIRED, REL_TYPE, ERROR_SEVERITY, LENGTH) VALUES ('16', '2', '12', 'Cod Moneda', 'Código de moneda', '4', '1', '0', '3', '3');
INSERT INTO "LD_PRELOAD_FIELD_DEFINITION" (PRELOAD_FIELD_DEFINITION_ID, PRELOAD_ROW_TYPE_ID, COLUMN_NO, NAME, DESCRIPTION, PRELOAD_FIELD_TYPE_ID, REQUIRED, REL_TYPE, ERROR_SEVERITY, LENGTH) VALUES ('17', '2', '13', 'Prima_Cuota', 'Prima cuota', '3', '1', '0', '3', '12');
INSERT INTO "LD_PRELOAD_FIELD_DEFINITION" (PRELOAD_FIELD_DEFINITION_ID, PRELOAD_ROW_TYPE_ID, COLUMN_NO, NAME, DESCRIPTION, PRELOAD_FIELD_TYPE_ID, REQUIRED, REL_TYPE, ERROR_SEVERITY, LENGTH) VALUES ('18', '2', '14', 'Prima_Total', 'Prima total', '3', '1', '0', '3', '12');
INSERT INTO "LD_PRELOAD_FIELD_DEFINITION" (PRELOAD_FIELD_DEFINITION_ID, PRELOAD_ROW_TYPE_ID, COLUMN_NO, NAME, DESCRIPTION, PRELOAD_FIELD_TYPE_ID, REQUIRED, REL_TYPE, ERROR_SEVERITY, LENGTH) VALUES ('19', '2', '15', 'Cod Frec. Pago', 'Periodicidad de pago', '1', '1', '0', '3', '1');
INSERT INTO "LD_PRELOAD_FIELD_DEFINITION" (PRELOAD_FIELD_DEFINITION_ID, PRELOAD_ROW_TYPE_ID, COLUMN_NO, NAME, DESCRIPTION, PRELOAD_FIELD_TYPE_ID, REQUIRED, REL_TYPE, ERROR_SEVERITY, LENGTH) VALUES ('20', '2', '16', 'Cod Banco/Tarjeta', 'Tipo de pago Cta Cte o Tarjeta de credito', '1', '1', '0', '3', '3');
INSERT INTO "LD_PRELOAD_FIELD_DEFINITION" (PRELOAD_FIELD_DEFINITION_ID, PRELOAD_ROW_TYPE_ID, COLUMN_NO, NAME, DESCRIPTION, PRELOAD_FIELD_TYPE_ID, REQUIRED, REL_TYPE, ERROR_SEVERITY, LENGTH) VALUES ('21', '2', '17', 'Num Med Pago', 'Número del Medio de pago Ctacte o Tarjeta', '1', '1', '0', '3', '20');
INSERT INTO "LD_PRELOAD_FIELD_DEFINITION" (PRELOAD_FIELD_DEFINITION_ID, PRELOAD_ROW_TYPE_ID, COLUMN_NO, NAME, DESCRIPTION, PRELOAD_FIELD_TYPE_ID, REQUIRED, REL_TYPE, ERROR_SEVERITY, LENGTH) VALUES ('22', '2', '18', 'Cod Sucursal', 'Código Sucursa', '4', '1', '0', '3', '5');
INSERT INTO "LD_PRELOAD_FIELD_DEFINITION" (PRELOAD_FIELD_DEFINITION_ID, PRELOAD_ROW_TYPE_ID, COLUMN_NO, NAME, DESCRIPTION, PRELOAD_FIELD_TYPE_ID, REQUIRED, REL_TYPE, ERROR_SEVERITY, LENGTH) VALUES ('23', '2', '19', 'Cod Via Contacto', 'Codigo de contacto de venta', '4', '1', '0', '3', '3');
INSERT INTO "LD_PRELOAD_FIELD_DEFINITION" (PRELOAD_FIELD_DEFINITION_ID, PRELOAD_ROW_TYPE_ID, COLUMN_NO, NAME, DESCRIPTION, PRELOAD_FIELD_TYPE_ID, REQUIRED, REL_TYPE, ERROR_SEVERITY, LENGTH) VALUES ('24', '2', '20', 'Filler', 'Filler', '4', '1', '0', '3', '3');
INSERT INTO "LD_PRELOAD_FIELD_DEFINITION" (PRELOAD_FIELD_DEFINITION_ID, PRELOAD_ROW_TYPE_ID, COLUMN_NO, NAME, DESCRIPTION, PRELOAD_FIELD_TYPE_ID, REQUIRED, REL_TYPE, ERROR_SEVERITY, LENGTH) VALUES ('25', '2', '21', 'Rut_Eje', 'Rut Ejecutivo', '4', '1', '0', '3', '8');
INSERT INTO "LD_PRELOAD_FIELD_DEFINITION" (PRELOAD_FIELD_DEFINITION_ID, PRELOAD_ROW_TYPE_ID, COLUMN_NO, NAME, DESCRIPTION, PRELOAD_FIELD_TYPE_ID, REQUIRED, REL_TYPE, ERROR_SEVERITY, LENGTH) VALUES ('26', '2', '22', 'Dv_Eje', 'Dv_Eje', '4', '1', '0', '3', '1');
INSERT INTO "LD_PRELOAD_FIELD_DEFINITION" (PRELOAD_FIELD_DEFINITION_ID, PRELOAD_ROW_TYPE_ID, COLUMN_NO, NAME, DESCRIPTION, PRELOAD_FIELD_TYPE_ID, REQUIRED, REL_TYPE, ERROR_SEVERITY, LENGTH) VALUES ('27', '2', '23', 'Filler', 'Filler', '4', '1', '0', '3', '12');
INSERT INTO "LD_PRELOAD_FIELD_DEFINITION" (PRELOAD_FIELD_DEFINITION_ID, PRELOAD_ROW_TYPE_ID, COLUMN_NO, NAME, DESCRIPTION, PRELOAD_FIELD_TYPE_ID, REQUIRED, REL_TYPE, ERROR_SEVERITY, LENGTH) VALUES ('28', '2', '24', 'CodEstado', 'Código de estado', '4', '1', '0', '3', '3');
INSERT INTO "LD_PRELOAD_FIELD_DEFINITION" (PRELOAD_FIELD_DEFINITION_ID, PRELOAD_ROW_TYPE_ID, COLUMN_NO, NAME, DESCRIPTION, PRELOAD_FIELD_TYPE_ID, REQUIRED, REL_TYPE, ERROR_SEVERITY, LENGTH) VALUES ('29', '2', '25', 'Cod Dia Pago', 'Código día de pago', '4', '1', '0', '3', '3');
INSERT INTO "LD_PRELOAD_FIELD_DEFINITION" (PRELOAD_FIELD_DEFINITION_ID, PRELOAD_ROW_TYPE_ID, COLUMN_NO, NAME, DESCRIPTION, PRELOAD_FIELD_TYPE_ID, REQUIRED, REL_TYPE, ERROR_SEVERITY, LENGTH) VALUES ('30', '2', '26', 'Cod Via Contacto', 'Idem al anterior esta duplicado', '4', '1', '0', '3', '4');
INSERT INTO "LD_PRELOAD_FIELD_DEFINITION" (PRELOAD_FIELD_DEFINITION_ID, PRELOAD_ROW_TYPE_ID, COLUMN_NO, NAME, DESCRIPTION, PRELOAD_FIELD_TYPE_ID, REQUIRED, REL_TYPE, ERROR_SEVERITY, LENGTH) VALUES ('31', '2', '27', 'Cod Fuente', 'Origen de la venta', '4', '1', '0', '3', '3');
INSERT INTO "LD_PRELOAD_FIELD_DEFINITION" (PRELOAD_FIELD_DEFINITION_ID, PRELOAD_ROW_TYPE_ID, COLUMN_NO, NAME, DESCRIPTION, PRELOAD_FIELD_TYPE_ID, REQUIRED, REL_TYPE, ERROR_SEVERITY, LENGTH) VALUES ('32', '2', '28', 'Nom Eje', 'Nombre ejecutivo', '4', '1', '0', '3', '30');
INSERT INTO "LD_PRELOAD_FIELD_DEFINITION" (PRELOAD_FIELD_DEFINITION_ID, PRELOAD_ROW_TYPE_ID, COLUMN_NO, NAME, DESCRIPTION, PRELOAD_FIELD_TYPE_ID, REQUIRED, REL_TYPE, ERROR_SEVERITY, LENGTH) VALUES ('33', '2', '29', 'Cod Med Pago', 'Código medio de pago', '4', '1', '0', '3', '1');
INSERT INTO "LD_PRELOAD_FIELD_DEFINITION" (PRELOAD_FIELD_DEFINITION_ID, PRELOAD_ROW_TYPE_ID, COLUMN_NO, NAME, DESCRIPTION, PRELOAD_FIELD_TYPE_ID, REQUIRED, REL_TYPE, ERROR_SEVERITY, LENGTH) VALUES ('34', '2', '30', 'Fec Vige', 'Fecha de vigencia productos viaje', '7', '1', '0', '3', '8');
INSERT INTO "LD_PRELOAD_FIELD_DEFINITION" (PRELOAD_FIELD_DEFINITION_ID, PRELOAD_ROW_TYPE_ID, COLUMN_NO, NAME, DESCRIPTION, PRELOAD_FIELD_TYPE_ID, REQUIRED, REL_TYPE, ERROR_SEVERITY, LENGTH) VALUES ('35', '2', '31', 'Emite Kit', 'Flag que indica si emite o no Kit', '4', '1', '0', '3', '1');
INSERT INTO "LD_PRELOAD_FIELD_DEFINITION" (PRELOAD_FIELD_DEFINITION_ID, PRELOAD_ROW_TYPE_ID, COLUMN_NO, NAME, DESCRIPTION, PRELOAD_FIELD_TYPE_ID, REQUIRED, REL_TYPE, ERROR_SEVERITY, LENGTH) VALUES ('36', '2', '32', 'Super Clave', 'Super Clave', '4', '1', '0', '3', '13');
INSERT INTO "LD_PRELOAD_FIELD_DEFINITION" (PRELOAD_FIELD_DEFINITION_ID, PRELOAD_ROW_TYPE_ID, COLUMN_NO, NAME, DESCRIPTION, PRELOAD_FIELD_TYPE_ID, REQUIRED, REL_TYPE, ERROR_SEVERITY, LENGTH) VALUES ('37', '2', '33', 'Dps Sucia', 'Flag que indica si DPS esta con información para evaluar', '4', '1', '0', '3', '1');
INSERT INTO "LD_PRELOAD_FIELD_DEFINITION" (PRELOAD_FIELD_DEFINITION_ID, PRELOAD_ROW_TYPE_ID, COLUMN_NO, NAME, DESCRIPTION, PRELOAD_FIELD_TYPE_ID, REQUIRED, REL_TYPE, ERROR_SEVERITY, LENGTH) VALUES ('38', '2', '34', 'Filler', 'Filler', '4', '0', '0', '3', '1');
INSERT INTO "LD_PRELOAD_FIELD_DEFINITION" (PRELOAD_FIELD_DEFINITION_ID, PRELOAD_ROW_TYPE_ID, COLUMN_NO, NAME, DESCRIPTION, PRELOAD_FIELD_TYPE_ID, REQUIRED, REL_TYPE, ERROR_SEVERITY, LENGTH) VALUES ('39', '2', '35', 'Declara', 'Declaración de Salud del cliente', '4', '1', '0', '3', '100');
INSERT INTO "LD_PRELOAD_FIELD_DEFINITION" (PRELOAD_FIELD_DEFINITION_ID, PRELOAD_ROW_TYPE_ID, COLUMN_NO, NAME, DESCRIPTION, PRELOAD_FIELD_TYPE_ID, REQUIRED, REL_TYPE, ERROR_SEVERITY, LENGTH) VALUES ('40', '2', '36', 'Filler', 'Filler', '4', '0', '0', '3', '155');
INSERT INTO "LD_PRELOAD_FIELD_DEFINITION" (PRELOAD_FIELD_DEFINITION_ID, PRELOAD_ROW_TYPE_ID, COLUMN_NO, NAME, DESCRIPTION, PRELOAD_FIELD_TYPE_ID, REQUIRED, REL_TYPE, ERROR_SEVERITY, LENGTH) VALUES ('41', '2', '37', 'Peso', 'Peso del asegurado en Klgs', '4', '1', '0', '3', '3');
INSERT INTO "LD_PRELOAD_FIELD_DEFINITION" (PRELOAD_FIELD_DEFINITION_ID, PRELOAD_ROW_TYPE_ID, COLUMN_NO, NAME, DESCRIPTION, PRELOAD_FIELD_TYPE_ID, REQUIRED, REL_TYPE, ERROR_SEVERITY, LENGTH) VALUES ('42', '2', '38', 'Talla', 'Estatura del asegurado en cms', '4', '1', '0', '3', '3');

-- Pie campos
INSERT INTO "LD_PRELOAD_FIELD_DEFINITION" (PRELOAD_FIELD_DEFINITION_ID, PRELOAD_ROW_TYPE_ID, COLUMN_NO, NAME, DESCRIPTION, PRELOAD_FIELD_TYPE_ID, REQUIRED, ERROR_SEVERITY, LENGTH) VALUES ('43', '3', '1', 'Tipo Reg', 'Tipo de Registro', '4', '1', '3', '1');
INSERT INTO "LD_PRELOAD_FIELD_DEFINITION" (PRELOAD_FIELD_DEFINITION_ID, PRELOAD_ROW_TYPE_ID, COLUMN_NO, NAME, DESCRIPTION, PRELOAD_FIELD_TYPE_ID, REQUIRED, ERROR_SEVERITY, LENGTH) VALUES ('44', '3', '2', 'Fec Envio', 'Fecha de envio del archivo (YYYYMMDD)', '7', '1', '3', '8');
INSERT INTO "LD_PRELOAD_FIELD_DEFINITION" (PRELOAD_FIELD_DEFINITION_ID, PRELOAD_ROW_TYPE_ID, COLUMN_NO, NAME, DESCRIPTION, PRELOAD_FIELD_TYPE_ID, REQUIRED, ERROR_SEVERITY, LENGTH) VALUES ('45', '3', '3', 'Cod Conv', 'Convenio', '4', '1', '3', '3');
INSERT INTO "LD_PRELOAD_FIELD_DEFINITION" (PRELOAD_FIELD_DEFINITION_ID, PRELOAD_ROW_TYPE_ID, COLUMN_NO, NAME, DESCRIPTION, PRELOAD_FIELD_TYPE_ID, REQUIRED, ERROR_SEVERITY, LENGTH) VALUES ('46', '3', '4', 'Can Detalle', 'Cantidad de registros', '1', '1', '3', '5');
INSERT INTO "LD_PRELOAD_FIELD_DEFINITION" (PRELOAD_FIELD_DEFINITION_ID, PRELOAD_ROW_TYPE_ID, COLUMN_NO, NAME, DESCRIPTION, PRELOAD_FIELD_TYPE_ID, REQUIRED, ERROR_SEVERITY, LENGTH) VALUES ('47', '3', '5', 'Mto_total', 'Sumatoria de las primas anuales', '2', '1', '3', '12');
INSERT INTO "LD_PRELOAD_FIELD_DEFINITION" (PRELOAD_FIELD_DEFINITION_ID, PRELOAD_ROW_TYPE_ID, COLUMN_NO, NAME, DESCRIPTION, PRELOAD_FIELD_TYPE_ID, REQUIRED, ERROR_SEVERITY, LENGTH) VALUES ('48', '3', '6', 'Filler', 'Filler', '7', '1', '3', '30');

commit;


------------------------------
-- DOC-144-CROSS - Fichero 2 -
------------------------------

-- File definition
INSERT INTO "LD_PRELOAD_FILE" (PRELOAD_FILE_ID, PRELOAD_DEFINITION_ID, NAME, DESCRIPTION, FILE_TYPE, FILENAME_FORMAT_REGEX) 
VALUES ('2', '1', 'Relación de propuestas con tipos de personas', 'Archivo con la relación de propuestas con tipos de personas (e.g. pcs20170725_2.txt)', 'TXT','pcs\d{4}\d{2}\d{2}_2.(txt|TXT)');

-- Row types
INSERT INTO "LD_PRELOAD_ROW_TYPE" (PRELOAD_ROW_TYPE_ID, PRELOAD_FILE_ID, NAME, IDENTIFIER_COLUMN_NO, IDENTIFIER_VALUE) VALUES ('4', '2', 'Cabecera (Header)', '1', 'C');
INSERT INTO "LD_PRELOAD_ROW_TYPE" (PRELOAD_ROW_TYPE_ID, PRELOAD_FILE_ID, NAME, IDENTIFIER_COLUMN_NO, IDENTIFIER_VALUE) VALUES ('5', '2', 'Detalle (Detail)', '1', 'D');
INSERT INTO "LD_PRELOAD_ROW_TYPE" (PRELOAD_ROW_TYPE_ID, PRELOAD_FILE_ID, NAME, IDENTIFIER_COLUMN_NO, IDENTIFIER_VALUE) VALUES ('6', '2', 'Pie (Footer)', '1', 'T');

-- Cabecera campos
INSERT INTO "LD_PRELOAD_FIELD_DEFINITION" (PRELOAD_FIELD_DEFINITION_ID, PRELOAD_ROW_TYPE_ID, COLUMN_NO, NAME, DESCRIPTION, PRELOAD_FIELD_TYPE_ID, REQUIRED, ERROR_SEVERITY, LENGTH) VALUES ('50', '4', '1', 'Tipo Reg', 'Tipo de Registro', '4', '1', '3', '1');
INSERT INTO "LD_PRELOAD_FIELD_DEFINITION" (PRELOAD_FIELD_DEFINITION_ID, PRELOAD_ROW_TYPE_ID, COLUMN_NO, NAME, DESCRIPTION, PRELOAD_FIELD_TYPE_ID, REQUIRED, ERROR_SEVERITY, LENGTH) VALUES ('51', '4', '2', 'Fec Envio', 'Fecha de envio del archivo (YYYYMMDD)', '7', '1', '3', '8');
INSERT INTO "LD_PRELOAD_FIELD_DEFINITION" (PRELOAD_FIELD_DEFINITION_ID, PRELOAD_ROW_TYPE_ID, COLUMN_NO, NAME, DESCRIPTION, PRELOAD_FIELD_TYPE_ID, REQUIRED, ERROR_SEVERITY, LENGTH) VALUES ('52', '4', '3', 'Convenio', 'Tipo de convenio BSAN', '4', '1', '3', '3');
INSERT INTO "LD_PRELOAD_FIELD_DEFINITION" (PRELOAD_FIELD_DEFINITION_ID, PRELOAD_ROW_TYPE_ID, COLUMN_NO, NAME, DESCRIPTION, PRELOAD_FIELD_TYPE_ID, REQUIRED, ERROR_SEVERITY, LENGTH) VALUES ('53', '4', '4', 'Filer', 'Filer', '4', '0', '1', '136');

-- Detalle campos
INSERT INTO "LD_PRELOAD_FIELD_DEFINITION" (PRELOAD_FIELD_DEFINITION_ID, PRELOAD_ROW_TYPE_ID, COLUMN_NO, NAME, DESCRIPTION, PRELOAD_FIELD_TYPE_ID, REQUIRED, REL_TYPE, ERROR_SEVERITY, LENGTH) VALUES ('54', '5', '1', 'Tipo Reg', 'Tipo de Registro', '4', '1', '0', '3', '1');
INSERT INTO "LD_PRELOAD_FIELD_DEFINITION" (PRELOAD_FIELD_DEFINITION_ID, PRELOAD_ROW_TYPE_ID, COLUMN_NO, NAME, DESCRIPTION, PRELOAD_FIELD_TYPE_ID, REQUIRED, REL_TYPE, ERROR_SEVERITY, LENGTH) VALUES ('55', '5', '2', 'Fec Envio', 'Fecha de envio del archivo (YYYYMMDD)', '7', '1', '0', '3', '8');
INSERT INTO "LD_PRELOAD_FIELD_DEFINITION" (PRELOAD_FIELD_DEFINITION_ID, PRELOAD_ROW_TYPE_ID, COLUMN_NO, NAME, DESCRIPTION, PRELOAD_FIELD_TYPE_ID, REQUIRED, REL_TYPE, ERROR_SEVERITY, LENGTH) VALUES ('56', '5', '3', 'Cod Ramo', 'Código de Ramo BSAN', '4', '0', '0', '3', '3');
INSERT INTO "LD_PRELOAD_FIELD_DEFINITION" (PRELOAD_FIELD_DEFINITION_ID, PRELOAD_ROW_TYPE_ID, COLUMN_NO, NAME, DESCRIPTION, PRELOAD_FIELD_TYPE_ID, REQUIRED, REL_TYPE, ERROR_SEVERITY, LENGTH) VALUES ('57', '5', '4', 'Cod Linea', 'Código de Linea BSAN', '4', '0', '0', '3', '3');
INSERT INTO "LD_PRELOAD_FIELD_DEFINITION" (PRELOAD_FIELD_DEFINITION_ID, PRELOAD_ROW_TYPE_ID, COLUMN_NO, NAME, DESCRIPTION, PRELOAD_FIELD_TYPE_ID, REQUIRED, REL_TYPE, ERROR_SEVERITY, LENGTH) VALUES ('58', '5', '5', 'Cod Producto', 'Código de Producto BSAN', '4', '0', '0', '3', '3');
INSERT INTO "LD_PRELOAD_FIELD_DEFINITION" (PRELOAD_FIELD_DEFINITION_ID, PRELOAD_ROW_TYPE_ID, COLUMN_NO, NAME, DESCRIPTION, PRELOAD_FIELD_TYPE_ID, REQUIRED, REL_TYPE, ERROR_SEVERITY, LENGTH) VALUES ('59', '5', '6', 'Num. Propuesta', 'Número de Propuesta BSAN', '1', '1', '0', '3', '8');
INSERT INTO "LD_PRELOAD_FIELD_DEFINITION" (PRELOAD_FIELD_DEFINITION_ID, PRELOAD_ROW_TYPE_ID, COLUMN_NO, NAME, DESCRIPTION, PRELOAD_FIELD_TYPE_ID, REQUIRED, REL_TYPE, ERROR_SEVERITY, LENGTH) VALUES ('60', '5', '7', 'Cod Tipo Persona', 'Código tipo de persona', '4', '1', '0', '3', '3');
INSERT INTO "LD_PRELOAD_FIELD_DEFINITION" (PRELOAD_FIELD_DEFINITION_ID, PRELOAD_ROW_TYPE_ID, COLUMN_NO, NAME, DESCRIPTION, PRELOAD_FIELD_TYPE_ID, REQUIRED, REL_TYPE, ERROR_SEVERITY, LENGTH) VALUES ('61', '5', '8', 'Cor Tipo Persona', 'Correlativo por tipo de persona', '1', '1', '0', '3', '2');
INSERT INTO "LD_PRELOAD_FIELD_DEFINITION" (PRELOAD_FIELD_DEFINITION_ID, PRELOAD_ROW_TYPE_ID, COLUMN_NO, NAME, DESCRIPTION, PRELOAD_FIELD_TYPE_ID, REQUIRED, REL_TYPE, ERROR_SEVERITY, LENGTH) VALUES ('62', '5', '9', 'Rut Persona', 'Rut Persona', '1', '0', '0', '3', '10');
INSERT INTO "LD_PRELOAD_FIELD_DEFINITION" (PRELOAD_FIELD_DEFINITION_ID, PRELOAD_ROW_TYPE_ID, COLUMN_NO, NAME, DESCRIPTION, PRELOAD_FIELD_TYPE_ID, REQUIRED, REL_TYPE, ERROR_SEVERITY, LENGTH) VALUES ('63', '5', '10', 'Dig Verificador', 'Dígito verificador persona', '1', '0', '0', '3', '1');
INSERT INTO "LD_PRELOAD_FIELD_DEFINITION" (PRELOAD_FIELD_DEFINITION_ID, PRELOAD_ROW_TYPE_ID, COLUMN_NO, NAME, DESCRIPTION, PRELOAD_FIELD_TYPE_ID, REQUIRED, REL_TYPE, ERROR_SEVERITY, LENGTH) VALUES ('64', '5', '11', 'Cod Relacion', 'Código de relación', '1', '0', '0', '3', '2');

-- Pie campos
INSERT INTO "LD_PRELOAD_FIELD_DEFINITION" (PRELOAD_FIELD_DEFINITION_ID, PRELOAD_ROW_TYPE_ID, COLUMN_NO, NAME, DESCRIPTION, PRELOAD_FIELD_TYPE_ID, REQUIRED, ERROR_SEVERITY, LENGTH) VALUES ('65', '6', '1', 'Tipo Reg', 'Tipo de Registro', '4', '1', '3', '1');
INSERT INTO "LD_PRELOAD_FIELD_DEFINITION" (PRELOAD_FIELD_DEFINITION_ID, PRELOAD_ROW_TYPE_ID, COLUMN_NO, NAME, DESCRIPTION, PRELOAD_FIELD_TYPE_ID, REQUIRED, ERROR_SEVERITY, LENGTH) VALUES ('66', '6', '2', 'Fec Envio', 'Fecha de envio del archivo (YYYYMMDD)', '7', '1', '3', '8');
INSERT INTO "LD_PRELOAD_FIELD_DEFINITION" (PRELOAD_FIELD_DEFINITION_ID, PRELOAD_ROW_TYPE_ID, COLUMN_NO, NAME, DESCRIPTION, PRELOAD_FIELD_TYPE_ID, REQUIRED, ERROR_SEVERITY, LENGTH) VALUES ('67', '6', '3', 'Cod Conv', 'Convenio', '4', '1', '3', '3');
INSERT INTO "LD_PRELOAD_FIELD_DEFINITION" (PRELOAD_FIELD_DEFINITION_ID, PRELOAD_ROW_TYPE_ID, COLUMN_NO, NAME, DESCRIPTION, PRELOAD_FIELD_TYPE_ID, REQUIRED, ERROR_SEVERITY, LENGTH) VALUES ('68', '6', '4', 'Can Detalle', 'Cantidad de registros', '1', '1', '3', '5');
INSERT INTO "LD_PRELOAD_FIELD_DEFINITION" (PRELOAD_FIELD_DEFINITION_ID, PRELOAD_ROW_TYPE_ID, COLUMN_NO, NAME, DESCRIPTION, PRELOAD_FIELD_TYPE_ID, REQUIRED, ERROR_SEVERITY, LENGTH) VALUES ('69', '6', '5', 'Mto_total', 'Sumatoria de las primas anuales', '2', '1', '3', '12');
INSERT INTO "LD_PRELOAD_FIELD_DEFINITION" (PRELOAD_FIELD_DEFINITION_ID, PRELOAD_ROW_TYPE_ID, COLUMN_NO, NAME, DESCRIPTION, PRELOAD_FIELD_TYPE_ID, REQUIRED, ERROR_SEVERITY, LENGTH) VALUES ('70', '6', '6', 'Filler', 'Filler', '7', '1', '3', '30');

commit;



------------------------------
-- DOC-144-CROSS - Fichero 3 -
------------------------------
-- File definition
INSERT INTO "LD_PRELOAD_FILE" (PRELOAD_FILE_ID, PRELOAD_DEFINITION_ID, NAME, DESCRIPTION, FILE_TYPE, FILENAME_FORMAT_REGEX) 
VALUES ('3', '1', 'Beneficiarios, Asegurados Adicionales', 'En este archivo contiene los Beneficiarios, Asegurados Adicionales y/o Grupo Familiar por propuesta, esto dependerá como está definido en el Archivo 2, por la relación con Código tipo de persona. (e.g. pcs20170725_3.txt)', 'TXT','pcs\d{4}\d{2}\d{2}_3.(txt|TXT)');

-- Row types
INSERT INTO "LD_PRELOAD_ROW_TYPE" (PRELOAD_ROW_TYPE_ID, PRELOAD_FILE_ID, NAME, IDENTIFIER_COLUMN_NO, IDENTIFIER_VALUE) VALUES ('7', '3', 'Cabecera (Header)', '1', 'C');
INSERT INTO "LD_PRELOAD_ROW_TYPE" (PRELOAD_ROW_TYPE_ID, PRELOAD_FILE_ID, NAME, IDENTIFIER_COLUMN_NO, IDENTIFIER_VALUE) VALUES ('8', '3', 'Detalle (Detail)', '1', 'D');
INSERT INTO "LD_PRELOAD_ROW_TYPE" (PRELOAD_ROW_TYPE_ID, PRELOAD_FILE_ID, NAME, IDENTIFIER_COLUMN_NO, IDENTIFIER_VALUE) VALUES ('9', '3', 'Pie (Footer)', '1', 'T');

-- Cabecera campos
INSERT INTO "LD_PRELOAD_FIELD_DEFINITION" (PRELOAD_FIELD_DEFINITION_ID, PRELOAD_ROW_TYPE_ID, COLUMN_NO, NAME, DESCRIPTION, PRELOAD_FIELD_TYPE_ID, REQUIRED, ERROR_SEVERITY, LENGTH) VALUES ('100', '7', '1', 'Tipo Reg', 'Tipo de Registro', '4', '1', '3', '1');
INSERT INTO "LD_PRELOAD_FIELD_DEFINITION" (PRELOAD_FIELD_DEFINITION_ID, PRELOAD_ROW_TYPE_ID, COLUMN_NO, NAME, DESCRIPTION, PRELOAD_FIELD_TYPE_ID, REQUIRED, ERROR_SEVERITY, LENGTH) VALUES ('101', '7', '2', 'Fec Envio', 'Fecha de envio del archivo (YYYYMMDD)', '7', '1', '3', '8');
INSERT INTO "LD_PRELOAD_FIELD_DEFINITION" (PRELOAD_FIELD_DEFINITION_ID, PRELOAD_ROW_TYPE_ID, COLUMN_NO, NAME, DESCRIPTION, PRELOAD_FIELD_TYPE_ID, REQUIRED, ERROR_SEVERITY, LENGTH) VALUES ('102', '7', '3', 'Convenio', 'Tipo de convenio BSAN', '4', '1', '3', '3');
INSERT INTO "LD_PRELOAD_FIELD_DEFINITION" (PRELOAD_FIELD_DEFINITION_ID, PRELOAD_ROW_TYPE_ID, COLUMN_NO, NAME, DESCRIPTION, PRELOAD_FIELD_TYPE_ID, REQUIRED, ERROR_SEVERITY, LENGTH) VALUES ('103', '7', '4', 'Filer', 'Filer', '4', '0', '1', '136');

-- Detalle campos
INSERT INTO "LD_PRELOAD_FIELD_DEFINITION" (PRELOAD_FIELD_DEFINITION_ID, PRELOAD_ROW_TYPE_ID, COLUMN_NO, NAME, DESCRIPTION, PRELOAD_FIELD_TYPE_ID, REQUIRED, REL_TYPE, ERROR_SEVERITY, LENGTH) VALUES ('104', '8', '1', 'Tipo Reg', 'Tipo de Registro', '4', '1', '0', '3', '1');
INSERT INTO "LD_PRELOAD_FIELD_DEFINITION" (PRELOAD_FIELD_DEFINITION_ID, PRELOAD_ROW_TYPE_ID, COLUMN_NO, NAME, DESCRIPTION, PRELOAD_FIELD_TYPE_ID, REQUIRED, REL_TYPE, ERROR_SEVERITY, LENGTH) VALUES ('105', '8', '2', 'Fec Envio', 'Fecha de envio del archivo (YYYYMMDD)', '7', '1', '0', '3', '8');
INSERT INTO "LD_PRELOAD_FIELD_DEFINITION" (PRELOAD_FIELD_DEFINITION_ID, PRELOAD_ROW_TYPE_ID, COLUMN_NO, NAME, DESCRIPTION, PRELOAD_FIELD_TYPE_ID, REQUIRED, REL_TYPE, ERROR_SEVERITY, LENGTH) VALUES ('106', '8', '3', 'Cod Ramo', 'Código de Ramo BSAN', '4', '0', '0', '3', '3');
INSERT INTO "LD_PRELOAD_FIELD_DEFINITION" (PRELOAD_FIELD_DEFINITION_ID, PRELOAD_ROW_TYPE_ID, COLUMN_NO, NAME, DESCRIPTION, PRELOAD_FIELD_TYPE_ID, REQUIRED, REL_TYPE, ERROR_SEVERITY, LENGTH) VALUES ('107', '8', '4', 'Cod Linea', 'Código de Linea BSAN', '4', '0', '0', '3', '3');
INSERT INTO "LD_PRELOAD_FIELD_DEFINITION" (PRELOAD_FIELD_DEFINITION_ID, PRELOAD_ROW_TYPE_ID, COLUMN_NO, NAME, DESCRIPTION, PRELOAD_FIELD_TYPE_ID, REQUIRED, REL_TYPE, ERROR_SEVERITY, LENGTH) VALUES ('108', '8', '5', 'Cod Producto', 'Código de Producto BSAN', '4', '0', '0', '3', '3');
INSERT INTO "LD_PRELOAD_FIELD_DEFINITION" (PRELOAD_FIELD_DEFINITION_ID, PRELOAD_ROW_TYPE_ID, COLUMN_NO, NAME, DESCRIPTION, PRELOAD_FIELD_TYPE_ID, REQUIRED, REL_TYPE, ERROR_SEVERITY, LENGTH) VALUES ('109', '8', '6', 'Num. Propuesta', 'Número de Propuesta BSAN', '1', '1', '0', '3', '8');
INSERT INTO "LD_PRELOAD_FIELD_DEFINITION" (PRELOAD_FIELD_DEFINITION_ID, PRELOAD_ROW_TYPE_ID, COLUMN_NO, NAME, DESCRIPTION, PRELOAD_FIELD_TYPE_ID, REQUIRED, REL_TYPE, ERROR_SEVERITY, LENGTH) VALUES ('110', '8', '7', 'Filler', 'Filler', '4', '0', '0', '3', '1');
INSERT INTO "LD_PRELOAD_FIELD_DEFINITION" (PRELOAD_FIELD_DEFINITION_ID, PRELOAD_ROW_TYPE_ID, COLUMN_NO, NAME, DESCRIPTION, PRELOAD_FIELD_TYPE_ID, REQUIRED, REL_TYPE, ERROR_SEVERITY, LENGTH) VALUES ('111', '8', '8', 'Rut_Benef', 'Rut Beneficiario', '4', '1', '0', '3', '9');
INSERT INTO "LD_PRELOAD_FIELD_DEFINITION" (PRELOAD_FIELD_DEFINITION_ID, PRELOAD_ROW_TYPE_ID, COLUMN_NO, NAME, DESCRIPTION, PRELOAD_FIELD_TYPE_ID, REQUIRED, REL_TYPE, ERROR_SEVERITY, LENGTH) VALUES ('112', '8', '9', 'Dig verificador', 'Dígito verificador beneficiario', '4', '1', '0', '3', '1');
INSERT INTO "LD_PRELOAD_FIELD_DEFINITION" (PRELOAD_FIELD_DEFINITION_ID, PRELOAD_ROW_TYPE_ID, COLUMN_NO, NAME, DESCRIPTION, PRELOAD_FIELD_TYPE_ID, REQUIRED, REL_TYPE, ERROR_SEVERITY, LENGTH) VALUES ('113', '8', '10', 'Filler', 'Filler', '4', '0', '0', '3', '3');
INSERT INTO "LD_PRELOAD_FIELD_DEFINITION" (PRELOAD_FIELD_DEFINITION_ID, PRELOAD_ROW_TYPE_ID, COLUMN_NO, NAME, DESCRIPTION, PRELOAD_FIELD_TYPE_ID, REQUIRED, REL_TYPE, ERROR_SEVERITY, LENGTH) VALUES ('114', '8', '11', 'Por. Cobertura', 'Porcentaje de cobertura por beneficiario', '4', '0', '0', '3', '3');
INSERT INTO "LD_PRELOAD_FIELD_DEFINITION" (PRELOAD_FIELD_DEFINITION_ID, PRELOAD_ROW_TYPE_ID, COLUMN_NO, NAME, DESCRIPTION, PRELOAD_FIELD_TYPE_ID, REQUIRED, REL_TYPE, ERROR_SEVERITY, LENGTH) VALUES ('115', '8', '12', 'Filler', 'Filler', '4', '0', '0', '3', '3');
INSERT INTO "LD_PRELOAD_FIELD_DEFINITION" (PRELOAD_FIELD_DEFINITION_ID, PRELOAD_ROW_TYPE_ID, COLUMN_NO, NAME, DESCRIPTION, PRELOAD_FIELD_TYPE_ID, REQUIRED, REL_TYPE, ERROR_SEVERITY, LENGTH) VALUES ('116', '8', '13', 'Cod_Tipobene', 'Código de tipo de beneficiario', '4', '0', '0', '3', '1');

-- Pie campos
INSERT INTO "LD_PRELOAD_FIELD_DEFINITION" (PRELOAD_FIELD_DEFINITION_ID, PRELOAD_ROW_TYPE_ID, COLUMN_NO, NAME, DESCRIPTION, PRELOAD_FIELD_TYPE_ID, REQUIRED, ERROR_SEVERITY, LENGTH) VALUES ('117', '9', '1', 'Tipo Reg', 'Tipo de Registro', '4', '1', '3', '1');
INSERT INTO "LD_PRELOAD_FIELD_DEFINITION" (PRELOAD_FIELD_DEFINITION_ID, PRELOAD_ROW_TYPE_ID, COLUMN_NO, NAME, DESCRIPTION, PRELOAD_FIELD_TYPE_ID, REQUIRED, ERROR_SEVERITY, LENGTH) VALUES ('118', '9', '2', 'Fec Envio', 'Fecha de envio del archivo (YYYYMMDD)', '7', '1', '3', '8');
INSERT INTO "LD_PRELOAD_FIELD_DEFINITION" (PRELOAD_FIELD_DEFINITION_ID, PRELOAD_ROW_TYPE_ID, COLUMN_NO, NAME, DESCRIPTION, PRELOAD_FIELD_TYPE_ID, REQUIRED, ERROR_SEVERITY, LENGTH) VALUES ('119', '9', '3', 'Cod Conv', 'Convenio', '4', '1', '3', '3');
INSERT INTO "LD_PRELOAD_FIELD_DEFINITION" (PRELOAD_FIELD_DEFINITION_ID, PRELOAD_ROW_TYPE_ID, COLUMN_NO, NAME, DESCRIPTION, PRELOAD_FIELD_TYPE_ID, REQUIRED, ERROR_SEVERITY, LENGTH) VALUES ('120', '9', '4', 'Can Detalle', 'Cantidad de registros', '1', '1', '3', '5');
INSERT INTO "LD_PRELOAD_FIELD_DEFINITION" (PRELOAD_FIELD_DEFINITION_ID, PRELOAD_ROW_TYPE_ID, COLUMN_NO, NAME, DESCRIPTION, PRELOAD_FIELD_TYPE_ID, REQUIRED, ERROR_SEVERITY, LENGTH) VALUES ('121', '9', '5', 'Mto_total', 'Sumatoria de las primas anuales', '2', '1', '3', '12');
INSERT INTO "LD_PRELOAD_FIELD_DEFINITION" (PRELOAD_FIELD_DEFINITION_ID, PRELOAD_ROW_TYPE_ID, COLUMN_NO, NAME, DESCRIPTION, PRELOAD_FIELD_TYPE_ID, REQUIRED, ERROR_SEVERITY, LENGTH) VALUES ('122', '9', '6', 'Filler', 'Filler', '7', '1', '3', '30');

commit;



------------------------------
-- DOC-144-CROSS - Fichero 4 -
------------------------------
-- File definition
INSERT INTO "LD_PRELOAD_FILE" (PRELOAD_FILE_ID, PRELOAD_DEFINITION_ID, NAME, DESCRIPTION, FILE_TYPE, FILENAME_FORMAT_REGEX) 
VALUES ('4', '1', 'Datos demográficos de personas', 'Información y datos demográficos de personas (e.g. pcs20170725_4.txt)', 'TXT','pcs\d{4}\d{2}\d{2}_4.(txt|TXT)');

-- Row types
INSERT INTO "LD_PRELOAD_ROW_TYPE" (PRELOAD_ROW_TYPE_ID, PRELOAD_FILE_ID, NAME, IDENTIFIER_COLUMN_NO, IDENTIFIER_VALUE) VALUES ('10', '4', 'Cabecera (Header)', '1', 'C');
INSERT INTO "LD_PRELOAD_ROW_TYPE" (PRELOAD_ROW_TYPE_ID, PRELOAD_FILE_ID, NAME, IDENTIFIER_COLUMN_NO, IDENTIFIER_VALUE) VALUES ('11', '4', 'Detalle (Detail)', '1', 'D');
INSERT INTO "LD_PRELOAD_ROW_TYPE" (PRELOAD_ROW_TYPE_ID, PRELOAD_FILE_ID, NAME, IDENTIFIER_COLUMN_NO, IDENTIFIER_VALUE) VALUES ('12', '4', 'Pie (Footer)', '1', 'T');

-- Cabecera campos
INSERT INTO "LD_PRELOAD_FIELD_DEFINITION" (PRELOAD_FIELD_DEFINITION_ID, PRELOAD_ROW_TYPE_ID, COLUMN_NO, NAME, DESCRIPTION, PRELOAD_FIELD_TYPE_ID, REQUIRED, ERROR_SEVERITY, LENGTH) VALUES ('150', '10', '1', 'Tipo Reg', 'Tipo de Registro', '4', '1', '3', '1');
INSERT INTO "LD_PRELOAD_FIELD_DEFINITION" (PRELOAD_FIELD_DEFINITION_ID, PRELOAD_ROW_TYPE_ID, COLUMN_NO, NAME, DESCRIPTION, PRELOAD_FIELD_TYPE_ID, REQUIRED, ERROR_SEVERITY, LENGTH) VALUES ('151', '10', '2', 'Fec Envio', 'Fecha de envio del archivo (YYYYMMDD)', '7', '1', '3', '8');
INSERT INTO "LD_PRELOAD_FIELD_DEFINITION" (PRELOAD_FIELD_DEFINITION_ID, PRELOAD_ROW_TYPE_ID, COLUMN_NO, NAME, DESCRIPTION, PRELOAD_FIELD_TYPE_ID, REQUIRED, ERROR_SEVERITY, LENGTH) VALUES ('152', '10', '3', 'Convenio', 'Tipo de convenio BSAN', '4', '1', '3', '3');
INSERT INTO "LD_PRELOAD_FIELD_DEFINITION" (PRELOAD_FIELD_DEFINITION_ID, PRELOAD_ROW_TYPE_ID, COLUMN_NO, NAME, DESCRIPTION, PRELOAD_FIELD_TYPE_ID, REQUIRED, ERROR_SEVERITY, LENGTH) VALUES ('153', '10', '4', 'Filer', 'Filer', '4', '0', '1', '136');

-- Detalle campos
INSERT INTO "LD_PRELOAD_FIELD_DEFINITION" (PRELOAD_FIELD_DEFINITION_ID, PRELOAD_ROW_TYPE_ID, COLUMN_NO, NAME, DESCRIPTION, PRELOAD_FIELD_TYPE_ID, REQUIRED, REL_TYPE, ERROR_SEVERITY, LENGTH) VALUES ('154', '11', '1', 'Tipo Reg', 'Tipo de Registro', '4', '1', '0', '3', '1');
INSERT INTO "LD_PRELOAD_FIELD_DEFINITION" (PRELOAD_FIELD_DEFINITION_ID, PRELOAD_ROW_TYPE_ID, COLUMN_NO, NAME, DESCRIPTION, PRELOAD_FIELD_TYPE_ID, REQUIRED, REL_TYPE, ERROR_SEVERITY, LENGTH) VALUES ('155', '11', '2', 'Fec Envio', 'Fecha de envio del archivo (YYYYMMDD)', '7', '1', '0', '3', '8');
INSERT INTO "LD_PRELOAD_FIELD_DEFINITION" (PRELOAD_FIELD_DEFINITION_ID, PRELOAD_ROW_TYPE_ID, COLUMN_NO, NAME, DESCRIPTION, PRELOAD_FIELD_TYPE_ID, REQUIRED, REL_TYPE, ERROR_SEVERITY, LENGTH) VALUES ('156', '11', '3', 'Filler', 'Filler', '4', '1', '0', '3', '2');
INSERT INTO "LD_PRELOAD_FIELD_DEFINITION" (PRELOAD_FIELD_DEFINITION_ID, PRELOAD_ROW_TYPE_ID, COLUMN_NO, NAME, DESCRIPTION, PRELOAD_FIELD_TYPE_ID, REQUIRED, REL_TYPE, ERROR_SEVERITY, LENGTH) VALUES ('157', '11', '4', 'Rut', 'Rut Contratante', '4', '1', '0', '3', '9');
INSERT INTO "LD_PRELOAD_FIELD_DEFINITION" (PRELOAD_FIELD_DEFINITION_ID, PRELOAD_ROW_TYPE_ID, COLUMN_NO, NAME, DESCRIPTION, PRELOAD_FIELD_TYPE_ID, REQUIRED, REL_TYPE, ERROR_SEVERITY, LENGTH) VALUES ('158', '11', '5', 'Filler', 'Filler', '4', '0', '0', '3', '1');
INSERT INTO "LD_PRELOAD_FIELD_DEFINITION" (PRELOAD_FIELD_DEFINITION_ID, PRELOAD_ROW_TYPE_ID, COLUMN_NO, NAME, DESCRIPTION, PRELOAD_FIELD_TYPE_ID, REQUIRED, REL_TYPE, ERROR_SEVERITY, LENGTH) VALUES ('159', '11', '6', 'Ape Paterno', 'Apellido perterno', '4', '1', '0', '3', '20');
INSERT INTO "LD_PRELOAD_FIELD_DEFINITION" (PRELOAD_FIELD_DEFINITION_ID, PRELOAD_ROW_TYPE_ID, COLUMN_NO, NAME, DESCRIPTION, PRELOAD_FIELD_TYPE_ID, REQUIRED, REL_TYPE, ERROR_SEVERITY, LENGTH) VALUES ('160', '11', '7', 'Ape Materno', 'Apellido perterno', '4', '1', '0', '3', '20');
INSERT INTO "LD_PRELOAD_FIELD_DEFINITION" (PRELOAD_FIELD_DEFINITION_ID, PRELOAD_ROW_TYPE_ID, COLUMN_NO, NAME, DESCRIPTION, PRELOAD_FIELD_TYPE_ID, REQUIRED, REL_TYPE, ERROR_SEVERITY, LENGTH) VALUES ('161', '11', '8', 'Nombres', 'Nombre', '4', '1', '0', '3', '25');
INSERT INTO "LD_PRELOAD_FIELD_DEFINITION" (PRELOAD_FIELD_DEFINITION_ID, PRELOAD_ROW_TYPE_ID, COLUMN_NO, NAME, DESCRIPTION, PRELOAD_FIELD_TYPE_ID, REQUIRED, REL_TYPE, ERROR_SEVERITY, LENGTH) VALUES ('162', '11', '9', 'Fec Nacimento', 'Fecha de nacimento', '7', '1', '0', '3', '8');
INSERT INTO "LD_PRELOAD_FIELD_DEFINITION" (PRELOAD_FIELD_DEFINITION_ID, PRELOAD_ROW_TYPE_ID, COLUMN_NO, NAME, DESCRIPTION, PRELOAD_FIELD_TYPE_ID, REQUIRED, REL_TYPE, ERROR_SEVERITY, LENGTH) VALUES ('163', '11', '10', 'Cod sexo', 'Codigo sexo', '4', '1', '0', '3', '1');
INSERT INTO "LD_PRELOAD_FIELD_DEFINITION" (PRELOAD_FIELD_DEFINITION_ID, PRELOAD_ROW_TYPE_ID, COLUMN_NO, NAME, DESCRIPTION, PRELOAD_FIELD_TYPE_ID, REQUIRED, REL_TYPE, ERROR_SEVERITY, LENGTH) VALUES ('164', '11', '11', 'Cod est civil', 'Codigo estado civil', '4', '1', '0', '3', '1');
INSERT INTO "LD_PRELOAD_FIELD_DEFINITION" (PRELOAD_FIELD_DEFINITION_ID, PRELOAD_ROW_TYPE_ID, COLUMN_NO, NAME, DESCRIPTION, PRELOAD_FIELD_TYPE_ID, REQUIRED, REL_TYPE, ERROR_SEVERITY, LENGTH) VALUES ('165', '11', '12', 'Fono', 'Telefono contacto', '4', '1', '0', '3', '20');
INSERT INTO "LD_PRELOAD_FIELD_DEFINITION" (PRELOAD_FIELD_DEFINITION_ID, PRELOAD_ROW_TYPE_ID, COLUMN_NO, NAME, DESCRIPTION, PRELOAD_FIELD_TYPE_ID, REQUIRED, REL_TYPE, ERROR_SEVERITY, LENGTH) VALUES ('166', '11', '13', 'Cod Ciudad', 'Codigo de ciudad', '4', '1', '0', '3', '5');
INSERT INTO "LD_PRELOAD_FIELD_DEFINITION" (PRELOAD_FIELD_DEFINITION_ID, PRELOAD_ROW_TYPE_ID, COLUMN_NO, NAME, DESCRIPTION, PRELOAD_FIELD_TYPE_ID, REQUIRED, REL_TYPE, ERROR_SEVERITY, LENGTH) VALUES ('167', '11', '14', 'Cod Comuna', 'Codigo de comuna', '4', '1', '0', '3', '5');
INSERT INTO "LD_PRELOAD_FIELD_DEFINITION" (PRELOAD_FIELD_DEFINITION_ID, PRELOAD_ROW_TYPE_ID, COLUMN_NO, NAME, DESCRIPTION, PRELOAD_FIELD_TYPE_ID, REQUIRED, REL_TYPE, ERROR_SEVERITY, LENGTH) VALUES ('168', '11', '15', 'Direccion', 'Direccion', '4', '1', '0', '3', '80');
INSERT INTO "LD_PRELOAD_FIELD_DEFINITION" (PRELOAD_FIELD_DEFINITION_ID, PRELOAD_ROW_TYPE_ID, COLUMN_NO, NAME, DESCRIPTION, PRELOAD_FIELD_TYPE_ID, REQUIRED, REL_TYPE, ERROR_SEVERITY, LENGTH) VALUES ('169', '11', '16', 'Rta_mes', 'Renta mensual', '1', '0', '0', '3', '12');

-- Pie campos
INSERT INTO "LD_PRELOAD_FIELD_DEFINITION" (PRELOAD_FIELD_DEFINITION_ID, PRELOAD_ROW_TYPE_ID, COLUMN_NO, NAME, DESCRIPTION, PRELOAD_FIELD_TYPE_ID, REQUIRED, ERROR_SEVERITY, LENGTH) VALUES ('170', '12', '1', 'Tipo Reg', 'Tipo de Registro', '4', '1', '3', '1');
INSERT INTO "LD_PRELOAD_FIELD_DEFINITION" (PRELOAD_FIELD_DEFINITION_ID, PRELOAD_ROW_TYPE_ID, COLUMN_NO, NAME, DESCRIPTION, PRELOAD_FIELD_TYPE_ID, REQUIRED, ERROR_SEVERITY, LENGTH) VALUES ('171', '12', '2', 'Fec Envio', 'Fecha de envio del archivo (YYYYMMDD)', '7', '1', '3', '8');
INSERT INTO "LD_PRELOAD_FIELD_DEFINITION" (PRELOAD_FIELD_DEFINITION_ID, PRELOAD_ROW_TYPE_ID, COLUMN_NO, NAME, DESCRIPTION, PRELOAD_FIELD_TYPE_ID, REQUIRED, ERROR_SEVERITY, LENGTH) VALUES ('172', '12', '3', 'Cod Conv', 'Convenio', '4', '1', '3', '3');
INSERT INTO "LD_PRELOAD_FIELD_DEFINITION" (PRELOAD_FIELD_DEFINITION_ID, PRELOAD_ROW_TYPE_ID, COLUMN_NO, NAME, DESCRIPTION, PRELOAD_FIELD_TYPE_ID, REQUIRED, ERROR_SEVERITY, LENGTH) VALUES ('173', '12', '4', 'Can Detalle', 'Cantidad de registros', '1', '1', '3', '5');
INSERT INTO "LD_PRELOAD_FIELD_DEFINITION" (PRELOAD_FIELD_DEFINITION_ID, PRELOAD_ROW_TYPE_ID, COLUMN_NO, NAME, DESCRIPTION, PRELOAD_FIELD_TYPE_ID, REQUIRED, ERROR_SEVERITY, LENGTH) VALUES ('174', '12', '5', 'Mto_total', 'Sumatoria de las primas anuales', '2', '1', '3', '12');
INSERT INTO "LD_PRELOAD_FIELD_DEFINITION" (PRELOAD_FIELD_DEFINITION_ID, PRELOAD_ROW_TYPE_ID, COLUMN_NO, NAME, DESCRIPTION, PRELOAD_FIELD_TYPE_ID, REQUIRED, ERROR_SEVERITY, LENGTH) VALUES ('175', '12', '6', 'Filler', 'Filler', '7', '1', '3', '30');

commit;


------------------------------
-- DOC-144-CROSS - Fichero 5 -
------------------------------
-- File definition
INSERT INTO "LD_PRELOAD_FILE" (PRELOAD_FILE_ID, PRELOAD_DEFINITION_ID, NAME, DESCRIPTION, FILE_TYPE, FILENAME_FORMAT_REGEX) 
VALUES ('5', '1', 'Seguros de Vida viene con registro de Encabezado', 'El Fichero 5 para Seguros de Vida viene sin información, sólo viene con registro de Encabezado y Pie. (e.g. pcs20170725_5.txt)', 'TXT','pcs\d{4}\d{2}\d{2}_5.(txt|TXT)');

-- Row types
INSERT INTO "LD_PRELOAD_ROW_TYPE" (PRELOAD_ROW_TYPE_ID, PRELOAD_FILE_ID, NAME, IDENTIFIER_COLUMN_NO, IDENTIFIER_VALUE) VALUES ('13', '5', 'Cabecera (Header)', '1', 'C');
INSERT INTO "LD_PRELOAD_ROW_TYPE" (PRELOAD_ROW_TYPE_ID, PRELOAD_FILE_ID, NAME, IDENTIFIER_COLUMN_NO, IDENTIFIER_VALUE) VALUES ('14', '5', 'Detalle (Detail)', '1', 'D');

-- Cabecera campos
INSERT INTO "LD_PRELOAD_FIELD_DEFINITION" (PRELOAD_FIELD_DEFINITION_ID, PRELOAD_ROW_TYPE_ID, COLUMN_NO, NAME, DESCRIPTION, PRELOAD_FIELD_TYPE_ID, REQUIRED, ERROR_SEVERITY, LENGTH) VALUES ('200', '13', '1', 'Tipo Reg', 'Tipo de Registro', '4', '1', '3', '1');
INSERT INTO "LD_PRELOAD_FIELD_DEFINITION" (PRELOAD_FIELD_DEFINITION_ID, PRELOAD_ROW_TYPE_ID, COLUMN_NO, NAME, DESCRIPTION, PRELOAD_FIELD_TYPE_ID, REQUIRED, ERROR_SEVERITY, LENGTH) VALUES ('201', '13', '2', 'Fec Envio', 'Fecha de envio del archivo (YYYYMMDD)', '7', '1', '3', '8');
INSERT INTO "LD_PRELOAD_FIELD_DEFINITION" (PRELOAD_FIELD_DEFINITION_ID, PRELOAD_ROW_TYPE_ID, COLUMN_NO, NAME, DESCRIPTION, PRELOAD_FIELD_TYPE_ID, REQUIRED, ERROR_SEVERITY, LENGTH) VALUES ('202', '13', '3', 'Convenio', 'Tipo de convenio BSAN', '4', '1', '3', '3');
INSERT INTO "LD_PRELOAD_FIELD_DEFINITION" (PRELOAD_FIELD_DEFINITION_ID, PRELOAD_ROW_TYPE_ID, COLUMN_NO, NAME, DESCRIPTION, PRELOAD_FIELD_TYPE_ID, REQUIRED, ERROR_SEVERITY, LENGTH) VALUES ('203', '13', '4', 'Filer', 'Filer', '4', '0', '1', '136');

-- Detalle campos
INSERT INTO "LD_PRELOAD_FIELD_DEFINITION" (PRELOAD_FIELD_DEFINITION_ID, PRELOAD_ROW_TYPE_ID, COLUMN_NO, NAME, DESCRIPTION, PRELOAD_FIELD_TYPE_ID, REQUIRED, REL_TYPE, ERROR_SEVERITY, LENGTH) VALUES ('204', '14', '1', 'Tipo Reg', 'Tipo de Registro', '4', '1', '0', '3', '1');
INSERT INTO "LD_PRELOAD_FIELD_DEFINITION" (PRELOAD_FIELD_DEFINITION_ID, PRELOAD_ROW_TYPE_ID, COLUMN_NO, NAME, DESCRIPTION, PRELOAD_FIELD_TYPE_ID, REQUIRED, REL_TYPE, ERROR_SEVERITY, LENGTH) VALUES ('205', '14', '2', 'Fec Envio', 'Fecha de envio del archivo (YYYYMMDD)', '7', '1', '0', '3', '8');
INSERT INTO "LD_PRELOAD_FIELD_DEFINITION" (PRELOAD_FIELD_DEFINITION_ID, PRELOAD_ROW_TYPE_ID, COLUMN_NO, NAME, DESCRIPTION, PRELOAD_FIELD_TYPE_ID, REQUIRED, REL_TYPE, ERROR_SEVERITY, LENGTH) VALUES ('206', '14', '3', 'Cod_Conv', 'Convenio', '4', '1', '0', '3', '3');
INSERT INTO "LD_PRELOAD_FIELD_DEFINITION" (PRELOAD_FIELD_DEFINITION_ID, PRELOAD_ROW_TYPE_ID, COLUMN_NO, NAME, DESCRIPTION, PRELOAD_FIELD_TYPE_ID, REQUIRED, REL_TYPE, ERROR_SEVERITY, LENGTH) VALUES ('207', '14', '4', 'Cod_Detalle', 'Cantidad de registros', '1', '1', '0', '3', '5');
INSERT INTO "LD_PRELOAD_FIELD_DEFINITION" (PRELOAD_FIELD_DEFINITION_ID, PRELOAD_ROW_TYPE_ID, COLUMN_NO, NAME, DESCRIPTION, PRELOAD_FIELD_TYPE_ID, REQUIRED, REL_TYPE, ERROR_SEVERITY, LENGTH) VALUES ('208', '14', '5', 'Mto_total', 'Sumatoria de las primas anuales', '3', '1', '0', '3', '12');
INSERT INTO "LD_PRELOAD_FIELD_DEFINITION" (PRELOAD_FIELD_DEFINITION_ID, PRELOAD_ROW_TYPE_ID, COLUMN_NO, NAME, DESCRIPTION, PRELOAD_FIELD_TYPE_ID, REQUIRED, REL_TYPE, ERROR_SEVERITY, LENGTH) VALUES ('209', '14', '6', 'Filler', 'Filler', '4', '0', '0', '3', '30');

commit;
