
-------------------------------------------
-- DOC-155-CROSS CARGA VENTAS VIDA WEB v2 -
-------------------------------------------

-- Delete the pervious version of the load definition. (THIS IS A CASADE DETELE!!!!!!)
DELETE FROM "LD_PRELOAD_DEFINITION" WHERE PRELOAD_DEFINITION_ID = 2;

-- Create the new preload definition.
INSERT INTO "LD_PRELOAD_DEFINITION" (PRELOAD_DEFINITION_ID, PRELOAD_DEFINITION_GROUP_ID, NAME, MAX_PRELOAD_LOW_ERRORS, MAX_PRELOAD_MEDIUM_ERRORS, MAX_PRELOAD_HIGH_ERRORS, LOAD_IF_PRELOAD_OK) VALUES ('2', '1', 'CARGA VENTAS VIDA WEB v2', '10', '5', '0', '0');



------------------------------------------------------
-- DOC-155-CROSS CARGA VENTAS VIDA WEB v2- Fichero 1 -
------------------------------------------------------
-- File definition
INSERT INTO "LD_PRELOAD_FILE" (PRELOAD_FILE_ID, PRELOAD_DEFINITION_ID, NAME, DESCRIPTION, FILE_TYPE, FILENAME_FORMAT_REGEX) 
VALUES ('6', '2', 'Información general de las ventas', 'Archivo con información general de las ventas (propuestas) (e.g. PcsWeb20_20170802_1.txt)', 'TXT','PcsWeb20_\d{4}\d{2}\d{2}_1.(txt|TXT)');

-- Row types
INSERT INTO "LD_PRELOAD_ROW_TYPE" (PRELOAD_ROW_TYPE_ID, PRELOAD_FILE_ID, NAME, IDENTIFIER_COLUMN_NO, IDENTIFIER_VALUE) VALUES ('20', '6', 'Cabecera (Header)', '1', 'C');
INSERT INTO "LD_PRELOAD_ROW_TYPE" (PRELOAD_ROW_TYPE_ID, PRELOAD_FILE_ID, NAME, IDENTIFIER_COLUMN_NO, IDENTIFIER_VALUE) VALUES ('21', '6', 'Detalle (Detail)', '1', 'D');
INSERT INTO "LD_PRELOAD_ROW_TYPE" (PRELOAD_ROW_TYPE_ID, PRELOAD_FILE_ID, NAME, IDENTIFIER_COLUMN_NO, IDENTIFIER_VALUE) VALUES ('22', '6', 'Pie (Footer)', '1', 'T');

-- Cabecera campos
INSERT INTO "LD_PRELOAD_FIELD_DEFINITION" (PRELOAD_FIELD_DEFINITION_ID, PRELOAD_ROW_TYPE_ID, COLUMN_NO, NAME, DESCRIPTION, PRELOAD_FIELD_TYPE_ID, REQUIRED, ERROR_SEVERITY, LENGTH) VALUES ('500', '20', '1', 'Tipo Reg', 'Tipo de Registro', '4', '1', '3', '1');
INSERT INTO "LD_PRELOAD_FIELD_DEFINITION" (PRELOAD_FIELD_DEFINITION_ID, PRELOAD_ROW_TYPE_ID, COLUMN_NO, NAME, DESCRIPTION, PRELOAD_FIELD_TYPE_ID, REQUIRED, ERROR_SEVERITY, LENGTH) VALUES ('501', '20', '2', 'Fec Envio', 'Fecha de envio del archivo (YYYYMMDD)', '7', '1', '3', '8');
INSERT INTO "LD_PRELOAD_FIELD_DEFINITION" (PRELOAD_FIELD_DEFINITION_ID, PRELOAD_ROW_TYPE_ID, COLUMN_NO, NAME, DESCRIPTION, PRELOAD_FIELD_TYPE_ID, REQUIRED, ERROR_SEVERITY, LENGTH) VALUES ('502', '20', '3', 'Convenio', 'Tipo de convenio BSAN', '4', '1', '3', '3');
INSERT INTO "LD_PRELOAD_FIELD_DEFINITION" (PRELOAD_FIELD_DEFINITION_ID, PRELOAD_ROW_TYPE_ID, COLUMN_NO, NAME, DESCRIPTION, PRELOAD_FIELD_TYPE_ID, REQUIRED, ERROR_SEVERITY, LENGTH) VALUES ('503', '20', '4', 'Filer', 'Filer', '4', '0', '1', '136');

-- Detalle campos
INSERT INTO "LD_PRELOAD_FIELD_DEFINITION" (PRELOAD_FIELD_DEFINITION_ID, PRELOAD_ROW_TYPE_ID, COLUMN_NO, NAME, DESCRIPTION, PRELOAD_FIELD_TYPE_ID, REQUIRED, REL_TYPE, ERROR_SEVERITY, LENGTH) VALUES ('504', '21', '1', 'Tipo Reg', 'Tipo de Registro', '4', '1', '0', '3', '1');
INSERT INTO "LD_PRELOAD_FIELD_DEFINITION" (PRELOAD_FIELD_DEFINITION_ID, PRELOAD_ROW_TYPE_ID, COLUMN_NO, NAME, DESCRIPTION, PRELOAD_FIELD_TYPE_ID, REQUIRED, REL_TYPE, ERROR_SEVERITY, LENGTH) VALUES ('505', '21', '2', 'Fec Envio', 'Fecha de envio del archivo (YYYYMMDD)', '7', '1', '0', '3', '8');
INSERT INTO "LD_PRELOAD_FIELD_DEFINITION" (PRELOAD_FIELD_DEFINITION_ID, PRELOAD_ROW_TYPE_ID, COLUMN_NO, NAME, DESCRIPTION, PRELOAD_FIELD_TYPE_ID, REQUIRED, REL_TYPE, ERROR_SEVERITY, LENGTH) VALUES ('506', '21', '3', 'Cod. Conv.', 'Tipo de convenio BSAN', '4', '1', '0', '3', '3');
INSERT INTO "LD_PRELOAD_FIELD_DEFINITION" (PRELOAD_FIELD_DEFINITION_ID, PRELOAD_ROW_TYPE_ID, COLUMN_NO, NAME, DESCRIPTION, PRELOAD_FIELD_TYPE_ID, REQUIRED, REL_TYPE, ERROR_SEVERITY, LENGTH) VALUES ('507', '21', '4', 'Tipo Trans.', 'Codigo de envio BSAN', '4', '1', '0', '3', '6');
INSERT INTO "LD_PRELOAD_FIELD_DEFINITION" (PRELOAD_FIELD_DEFINITION_ID, PRELOAD_ROW_TYPE_ID, COLUMN_NO, NAME, DESCRIPTION, PRELOAD_FIELD_TYPE_ID, REQUIRED, REL_TYPE, ERROR_SEVERITY, LENGTH) VALUES ('508', '21', '5', 'Cod Ramo', 'Codigo de Ramo BSAN', '4', '1', '0', '3', '3');
INSERT INTO "LD_PRELOAD_FIELD_DEFINITION" (PRELOAD_FIELD_DEFINITION_ID, PRELOAD_ROW_TYPE_ID, COLUMN_NO, NAME, DESCRIPTION, PRELOAD_FIELD_TYPE_ID, REQUIRED, REL_TYPE, ERROR_SEVERITY, LENGTH) VALUES ('509', '21', '6', 'Cod Linea', 'Codigo de Linea BSAN', '4', '1', '0', '3', '3');
INSERT INTO "LD_PRELOAD_FIELD_DEFINITION" (PRELOAD_FIELD_DEFINITION_ID, PRELOAD_ROW_TYPE_ID, COLUMN_NO, NAME, DESCRIPTION, PRELOAD_FIELD_TYPE_ID, REQUIRED, REL_TYPE, ERROR_SEVERITY, LENGTH) VALUES ('510', '21', '7', 'Cod Producto', 'Codigo de Producto BSAN', '4', '1', '0', '3', '3');
INSERT INTO "LD_PRELOAD_FIELD_DEFINITION" (PRELOAD_FIELD_DEFINITION_ID, PRELOAD_ROW_TYPE_ID, COLUMN_NO, NAME, DESCRIPTION, PRELOAD_FIELD_TYPE_ID, REQUIRED, REL_TYPE, ERROR_SEVERITY, LENGTH) VALUES ('511', '21', '8', 'Num Propuesta', 'Codigo de Propuesta BSAN', '1', '1', '0', '3', '8');
INSERT INTO "LD_PRELOAD_FIELD_DEFINITION" (PRELOAD_FIELD_DEFINITION_ID, PRELOAD_ROW_TYPE_ID, COLUMN_NO, NAME, DESCRIPTION, PRELOAD_FIELD_TYPE_ID, REQUIRED, REL_TYPE, ERROR_SEVERITY, LENGTH) VALUES ('512', '21', '9', 'Num. Poliza', 'Numero de poliza', '1', '1', '0', '3', '12');
INSERT INTO "LD_PRELOAD_FIELD_DEFINITION" (PRELOAD_FIELD_DEFINITION_ID, PRELOAD_ROW_TYPE_ID, COLUMN_NO, NAME, DESCRIPTION, PRELOAD_FIELD_TYPE_ID, REQUIRED, REL_TYPE, ERROR_SEVERITY, LENGTH) VALUES ('513', '21', '10', 'Cod Plan', 'Codigo de plan', '4', '1', '0', '3', '3');
INSERT INTO "LD_PRELOAD_FIELD_DEFINITION" (PRELOAD_FIELD_DEFINITION_ID, PRELOAD_ROW_TYPE_ID, COLUMN_NO, NAME, DESCRIPTION, PRELOAD_FIELD_TYPE_ID, REQUIRED, REL_TYPE, ERROR_SEVERITY, LENGTH) VALUES ('514', '21', '11', 'Fec Venta', 'Fech de venta (YYYYMMDD)', '7', '1', '0', '3', '8');
INSERT INTO "LD_PRELOAD_FIELD_DEFINITION" (PRELOAD_FIELD_DEFINITION_ID, PRELOAD_ROW_TYPE_ID, COLUMN_NO, NAME, DESCRIPTION, PRELOAD_FIELD_TYPE_ID, REQUIRED, REL_TYPE, ERROR_SEVERITY, LENGTH) VALUES ('515', '21', '12', 'Cod Moneda', 'Código de moneda', '4', '1', '0', '3', '3');
INSERT INTO "LD_PRELOAD_FIELD_DEFINITION" (PRELOAD_FIELD_DEFINITION_ID, PRELOAD_ROW_TYPE_ID, COLUMN_NO, NAME, DESCRIPTION, PRELOAD_FIELD_TYPE_ID, REQUIRED, REL_TYPE, ERROR_SEVERITY, LENGTH) VALUES ('516', '21', '13', 'Prima_Cuota', 'Prima cuota', '3', '1', '0', '3', '12');
INSERT INTO "LD_PRELOAD_FIELD_DEFINITION" (PRELOAD_FIELD_DEFINITION_ID, PRELOAD_ROW_TYPE_ID, COLUMN_NO, NAME, DESCRIPTION, PRELOAD_FIELD_TYPE_ID, REQUIRED, REL_TYPE, ERROR_SEVERITY, LENGTH) VALUES ('517', '21', '14', 'Prima_Total', 'Prima total', '3', '1', '0', '3', '12');
INSERT INTO "LD_PRELOAD_FIELD_DEFINITION" (PRELOAD_FIELD_DEFINITION_ID, PRELOAD_ROW_TYPE_ID, COLUMN_NO, NAME, DESCRIPTION, PRELOAD_FIELD_TYPE_ID, REQUIRED, REL_TYPE, ERROR_SEVERITY, LENGTH) VALUES ('518', '21', '15', 'Cod Frec. Pago', 'Periodicidad de pago', '1', '1', '0', '3', '1');
INSERT INTO "LD_PRELOAD_FIELD_DEFINITION" (PRELOAD_FIELD_DEFINITION_ID, PRELOAD_ROW_TYPE_ID, COLUMN_NO, NAME, DESCRIPTION, PRELOAD_FIELD_TYPE_ID, REQUIRED, REL_TYPE, ERROR_SEVERITY, LENGTH) VALUES ('519', '21', '16', 'Cod Banco/Tarjeta', 'Tipo de pago Cta Cte o Tarjeta de credito', '1', '1', '0', '3', '3');
INSERT INTO "LD_PRELOAD_FIELD_DEFINITION" (PRELOAD_FIELD_DEFINITION_ID, PRELOAD_ROW_TYPE_ID, COLUMN_NO, NAME, DESCRIPTION, PRELOAD_FIELD_TYPE_ID, REQUIRED, REL_TYPE, ERROR_SEVERITY, LENGTH) VALUES ('520', '21', '17', 'Num Med Pago', 'Número del Medio de pago Ctacte o Tarjeta', '1', '1', '0', '3', '20');
INSERT INTO "LD_PRELOAD_FIELD_DEFINITION" (PRELOAD_FIELD_DEFINITION_ID, PRELOAD_ROW_TYPE_ID, COLUMN_NO, NAME, DESCRIPTION, PRELOAD_FIELD_TYPE_ID, REQUIRED, REL_TYPE, ERROR_SEVERITY, LENGTH) VALUES ('521', '21', '18', 'Cod Sucursal', 'Código Sucursa', '4', '1', '0', '3', '5');
INSERT INTO "LD_PRELOAD_FIELD_DEFINITION" (PRELOAD_FIELD_DEFINITION_ID, PRELOAD_ROW_TYPE_ID, COLUMN_NO, NAME, DESCRIPTION, PRELOAD_FIELD_TYPE_ID, REQUIRED, REL_TYPE, ERROR_SEVERITY, LENGTH) VALUES ('522', '21', '19', 'Cod Via Contacto', 'Codigo de contacto de venta', '4', '1', '0', '3', '3');
INSERT INTO "LD_PRELOAD_FIELD_DEFINITION" (PRELOAD_FIELD_DEFINITION_ID, PRELOAD_ROW_TYPE_ID, COLUMN_NO, NAME, DESCRIPTION, PRELOAD_FIELD_TYPE_ID, REQUIRED, REL_TYPE, ERROR_SEVERITY, LENGTH) VALUES ('523', '21', '20', 'Filler', 'Filler', '4', '1', '0', '3', '3');
INSERT INTO "LD_PRELOAD_FIELD_DEFINITION" (PRELOAD_FIELD_DEFINITION_ID, PRELOAD_ROW_TYPE_ID, COLUMN_NO, NAME, DESCRIPTION, PRELOAD_FIELD_TYPE_ID, REQUIRED, REL_TYPE, ERROR_SEVERITY, LENGTH) VALUES ('524', '21', '21', 'Rut_Eje', 'Rut Ejecutivo', '4', '1', '0', '3', '8');
INSERT INTO "LD_PRELOAD_FIELD_DEFINITION" (PRELOAD_FIELD_DEFINITION_ID, PRELOAD_ROW_TYPE_ID, COLUMN_NO, NAME, DESCRIPTION, PRELOAD_FIELD_TYPE_ID, REQUIRED, REL_TYPE, ERROR_SEVERITY, LENGTH) VALUES ('525', '21', '22', 'Dv_Eje', 'Dv_Eje', '4', '1', '0', '3', '1');
INSERT INTO "LD_PRELOAD_FIELD_DEFINITION" (PRELOAD_FIELD_DEFINITION_ID, PRELOAD_ROW_TYPE_ID, COLUMN_NO, NAME, DESCRIPTION, PRELOAD_FIELD_TYPE_ID, REQUIRED, REL_TYPE, ERROR_SEVERITY, LENGTH) VALUES ('526', '21', '23', 'Filler', 'Filler', '4', '1', '0', '3', '12');
INSERT INTO "LD_PRELOAD_FIELD_DEFINITION" (PRELOAD_FIELD_DEFINITION_ID, PRELOAD_ROW_TYPE_ID, COLUMN_NO, NAME, DESCRIPTION, PRELOAD_FIELD_TYPE_ID, REQUIRED, REL_TYPE, ERROR_SEVERITY, LENGTH) VALUES ('527', '21', '24', 'CodEstado', 'Código de estado', '4', '1', '0', '3', '3');
INSERT INTO "LD_PRELOAD_FIELD_DEFINITION" (PRELOAD_FIELD_DEFINITION_ID, PRELOAD_ROW_TYPE_ID, COLUMN_NO, NAME, DESCRIPTION, PRELOAD_FIELD_TYPE_ID, REQUIRED, REL_TYPE, ERROR_SEVERITY, LENGTH) VALUES ('528', '21', '25', 'Cod Dia Pago', 'Código día de pago', '4', '1', '0', '3', '3');
INSERT INTO "LD_PRELOAD_FIELD_DEFINITION" (PRELOAD_FIELD_DEFINITION_ID, PRELOAD_ROW_TYPE_ID, COLUMN_NO, NAME, DESCRIPTION, PRELOAD_FIELD_TYPE_ID, REQUIRED, REL_TYPE, ERROR_SEVERITY, LENGTH) VALUES ('529', '21', '26', 'Cod Via Contacto', 'Idem al anterior esta duplicado', '4', '1', '0', '3', '4');
INSERT INTO "LD_PRELOAD_FIELD_DEFINITION" (PRELOAD_FIELD_DEFINITION_ID, PRELOAD_ROW_TYPE_ID, COLUMN_NO, NAME, DESCRIPTION, PRELOAD_FIELD_TYPE_ID, REQUIRED, REL_TYPE, ERROR_SEVERITY, LENGTH) VALUES ('530', '21', '27', 'Cod Fuente', 'Origen de la venta', '4', '1', '0', '3', '3');
INSERT INTO "LD_PRELOAD_FIELD_DEFINITION" (PRELOAD_FIELD_DEFINITION_ID, PRELOAD_ROW_TYPE_ID, COLUMN_NO, NAME, DESCRIPTION, PRELOAD_FIELD_TYPE_ID, REQUIRED, REL_TYPE, ERROR_SEVERITY, LENGTH) VALUES ('531', '21', '28', 'Nom Eje', 'Nombre ejecutivo', '4', '1', '0', '3', '30');
INSERT INTO "LD_PRELOAD_FIELD_DEFINITION" (PRELOAD_FIELD_DEFINITION_ID, PRELOAD_ROW_TYPE_ID, COLUMN_NO, NAME, DESCRIPTION, PRELOAD_FIELD_TYPE_ID, REQUIRED, REL_TYPE, ERROR_SEVERITY, LENGTH) VALUES ('532', '21', '29', 'Cod Med Pago', 'Código medio de pago', '4', '1', '0', '3', '1');
INSERT INTO "LD_PRELOAD_FIELD_DEFINITION" (PRELOAD_FIELD_DEFINITION_ID, PRELOAD_ROW_TYPE_ID, COLUMN_NO, NAME, DESCRIPTION, PRELOAD_FIELD_TYPE_ID, REQUIRED, REL_TYPE, ERROR_SEVERITY, LENGTH) VALUES ('533', '21', '30', 'Fec Vige', 'Fecha de vigencia productos viaje', '7', '1', '0', '3', '8');
INSERT INTO "LD_PRELOAD_FIELD_DEFINITION" (PRELOAD_FIELD_DEFINITION_ID, PRELOAD_ROW_TYPE_ID, COLUMN_NO, NAME, DESCRIPTION, PRELOAD_FIELD_TYPE_ID, REQUIRED, REL_TYPE, ERROR_SEVERITY, LENGTH) VALUES ('534', '21', '31', 'Emite Kit', 'Flag que indica si emite o no Kit', '4', '1', '0', '3', '1');
INSERT INTO "LD_PRELOAD_FIELD_DEFINITION" (PRELOAD_FIELD_DEFINITION_ID, PRELOAD_ROW_TYPE_ID, COLUMN_NO, NAME, DESCRIPTION, PRELOAD_FIELD_TYPE_ID, REQUIRED, REL_TYPE, ERROR_SEVERITY, LENGTH) VALUES ('535', '21', '32', 'Super Clave', 'Super Clave', '4', '1', '0', '3', '13');
INSERT INTO "LD_PRELOAD_FIELD_DEFINITION" (PRELOAD_FIELD_DEFINITION_ID, PRELOAD_ROW_TYPE_ID, COLUMN_NO, NAME, DESCRIPTION, PRELOAD_FIELD_TYPE_ID, REQUIRED, REL_TYPE, ERROR_SEVERITY, LENGTH) VALUES ('536', '21', '33', 'Dps Sucia', 'Flag que indica si DPS esta con información para evaluar', '4', '1', '0', '3', '1');
INSERT INTO "LD_PRELOAD_FIELD_DEFINITION" (PRELOAD_FIELD_DEFINITION_ID, PRELOAD_ROW_TYPE_ID, COLUMN_NO, NAME, DESCRIPTION, PRELOAD_FIELD_TYPE_ID, REQUIRED, REL_TYPE, ERROR_SEVERITY, LENGTH) VALUES ('537', '21', '34', 'Filler', 'Filler', '4', '0', '0', '3', '1');
INSERT INTO "LD_PRELOAD_FIELD_DEFINITION" (PRELOAD_FIELD_DEFINITION_ID, PRELOAD_ROW_TYPE_ID, COLUMN_NO, NAME, DESCRIPTION, PRELOAD_FIELD_TYPE_ID, REQUIRED, REL_TYPE, ERROR_SEVERITY, LENGTH) VALUES ('538', '21', '35', 'Declara', 'Declaración de Salud del cliente', '4', '1', '0', '3', '100');
INSERT INTO "LD_PRELOAD_FIELD_DEFINITION" (PRELOAD_FIELD_DEFINITION_ID, PRELOAD_ROW_TYPE_ID, COLUMN_NO, NAME, DESCRIPTION, PRELOAD_FIELD_TYPE_ID, REQUIRED, REL_TYPE, ERROR_SEVERITY, LENGTH) VALUES ('539', '21', '36', 'Filler', 'Filler', '4', '0', '0', '3', '155');
INSERT INTO "LD_PRELOAD_FIELD_DEFINITION" (PRELOAD_FIELD_DEFINITION_ID, PRELOAD_ROW_TYPE_ID, COLUMN_NO, NAME, DESCRIPTION, PRELOAD_FIELD_TYPE_ID, REQUIRED, REL_TYPE, ERROR_SEVERITY, LENGTH) VALUES ('540', '21', '37', 'Peso', 'Peso del asegurado en Klgs', '4', '1', '0', '3', '3');
INSERT INTO "LD_PRELOAD_FIELD_DEFINITION" (PRELOAD_FIELD_DEFINITION_ID, PRELOAD_ROW_TYPE_ID, COLUMN_NO, NAME, DESCRIPTION, PRELOAD_FIELD_TYPE_ID, REQUIRED, REL_TYPE, ERROR_SEVERITY, LENGTH) VALUES ('541', '21', '38', 'Talla', 'Estatura del asegurado en cms', '4', '1', '0', '3', '3');
INSERT INTO "LD_PRELOAD_FIELD_DEFINITION" (PRELOAD_FIELD_DEFINITION_ID, PRELOAD_ROW_TYPE_ID, COLUMN_NO, NAME, DESCRIPTION, PRELOAD_FIELD_TYPE_ID, REQUIRED, REL_TYPE, ERROR_SEVERITY, LENGTH) VALUES ('542', '21', '39', 'Código Curso', 'Curso para seguros de tipo educación', '4', '1', '0', '3', '4');
INSERT INTO "LD_PRELOAD_FIELD_DEFINITION" (PRELOAD_FIELD_DEFINITION_ID, PRELOAD_ROW_TYPE_ID, COLUMN_NO, NAME, DESCRIPTION, PRELOAD_FIELD_TYPE_ID, REQUIRED, REL_TYPE, ERROR_SEVERITY, LENGTH) VALUES ('543', '21', '40', 'Tipo de Plan', 'Tipo de plan seguro educación', '4', '1', '0', '3', '1');

-- Pie campos
INSERT INTO "LD_PRELOAD_FIELD_DEFINITION" (PRELOAD_FIELD_DEFINITION_ID, PRELOAD_ROW_TYPE_ID, COLUMN_NO, NAME, DESCRIPTION, PRELOAD_FIELD_TYPE_ID, REQUIRED, ERROR_SEVERITY, LENGTH) VALUES ('544', '22', '1', 'Tipo Reg', 'Tipo de Registro', '4', '1', '3', '1');
INSERT INTO "LD_PRELOAD_FIELD_DEFINITION" (PRELOAD_FIELD_DEFINITION_ID, PRELOAD_ROW_TYPE_ID, COLUMN_NO, NAME, DESCRIPTION, PRELOAD_FIELD_TYPE_ID, REQUIRED, ERROR_SEVERITY, LENGTH) VALUES ('545', '22', '2', 'Fec Envio', 'Fecha de envio del archivo (YYYYMMDD)', '7', '1', '3', '8');
INSERT INTO "LD_PRELOAD_FIELD_DEFINITION" (PRELOAD_FIELD_DEFINITION_ID, PRELOAD_ROW_TYPE_ID, COLUMN_NO, NAME, DESCRIPTION, PRELOAD_FIELD_TYPE_ID, REQUIRED, ERROR_SEVERITY, LENGTH) VALUES ('546', '22', '3', 'Cod Conv', 'Convenio', '4', '1', '3', '3');
INSERT INTO "LD_PRELOAD_FIELD_DEFINITION" (PRELOAD_FIELD_DEFINITION_ID, PRELOAD_ROW_TYPE_ID, COLUMN_NO, NAME, DESCRIPTION, PRELOAD_FIELD_TYPE_ID, REQUIRED, ERROR_SEVERITY, LENGTH) VALUES ('547', '22', '4', 'Can Detalle', 'Cantidad de registros', '1', '1', '3', '5');
INSERT INTO "LD_PRELOAD_FIELD_DEFINITION" (PRELOAD_FIELD_DEFINITION_ID, PRELOAD_ROW_TYPE_ID, COLUMN_NO, NAME, DESCRIPTION, PRELOAD_FIELD_TYPE_ID, REQUIRED, ERROR_SEVERITY, LENGTH) VALUES ('548', '22', '5', 'Mto_total', 'Sumatoria de las primas anuales', '2', '1', '3', '12');
INSERT INTO "LD_PRELOAD_FIELD_DEFINITION" (PRELOAD_FIELD_DEFINITION_ID, PRELOAD_ROW_TYPE_ID, COLUMN_NO, NAME, DESCRIPTION, PRELOAD_FIELD_TYPE_ID, REQUIRED, ERROR_SEVERITY, LENGTH) VALUES ('549', '22', '6', 'Filler', 'Filler', '7', '1', '3', '30');

commit;

-------------------------------------------------------
-- DOC-155-CROSS CARGA VENTAS VIDA WEB v2 - Fichero 2 -
-------------------------------------------------------
-- File definition
INSERT INTO "LD_PRELOAD_FILE" (PRELOAD_FILE_ID, PRELOAD_DEFINITION_ID, NAME, DESCRIPTION, FILE_TYPE, FILENAME_FORMAT_REGEX) 
VALUES ('7', '2', 'Propuestas con tipos  de personas', 'Archivo con la relación de propuestas con tipos  de personas (e.g. PcsWeb20_20170802_2.txt)', 'TXT','PcsWeb20_\d{4}\d{2}\d{2}_2.(txt|TXT)');

-- Row types
INSERT INTO "LD_PRELOAD_ROW_TYPE" (PRELOAD_ROW_TYPE_ID, PRELOAD_FILE_ID, NAME, IDENTIFIER_COLUMN_NO, IDENTIFIER_VALUE) VALUES ('23', '7', 'Cabecera (Header)', '1', 'C');
INSERT INTO "LD_PRELOAD_ROW_TYPE" (PRELOAD_ROW_TYPE_ID, PRELOAD_FILE_ID, NAME, IDENTIFIER_COLUMN_NO, IDENTIFIER_VALUE) VALUES ('24', '7', 'Detalle (Detail)', '1', 'D');
INSERT INTO "LD_PRELOAD_ROW_TYPE" (PRELOAD_ROW_TYPE_ID, PRELOAD_FILE_ID, NAME, IDENTIFIER_COLUMN_NO, IDENTIFIER_VALUE) VALUES ('25', '7', 'Pie (Footer)', '1', 'T');

-- Cabecera campos
INSERT INTO "LD_PRELOAD_FIELD_DEFINITION" (PRELOAD_FIELD_DEFINITION_ID, PRELOAD_ROW_TYPE_ID, COLUMN_NO, NAME, DESCRIPTION, PRELOAD_FIELD_TYPE_ID, REQUIRED, ERROR_SEVERITY, LENGTH) VALUES ('550', '23', '1', 'Tipo Reg', 'Tipo de Registro', '4', '1', '3', '1');
INSERT INTO "LD_PRELOAD_FIELD_DEFINITION" (PRELOAD_FIELD_DEFINITION_ID, PRELOAD_ROW_TYPE_ID, COLUMN_NO, NAME, DESCRIPTION, PRELOAD_FIELD_TYPE_ID, REQUIRED, ERROR_SEVERITY, LENGTH) VALUES ('551', '23', '2', 'Fec Envio', 'Fecha de envio del archivo (YYYYMMDD)', '7', '1', '3', '8');
INSERT INTO "LD_PRELOAD_FIELD_DEFINITION" (PRELOAD_FIELD_DEFINITION_ID, PRELOAD_ROW_TYPE_ID, COLUMN_NO, NAME, DESCRIPTION, PRELOAD_FIELD_TYPE_ID, REQUIRED, ERROR_SEVERITY, LENGTH) VALUES ('552', '23', '3', 'Convenio', 'Tipo de convenio BSAN', '4', '1', '3', '3');
INSERT INTO "LD_PRELOAD_FIELD_DEFINITION" (PRELOAD_FIELD_DEFINITION_ID, PRELOAD_ROW_TYPE_ID, COLUMN_NO, NAME, DESCRIPTION, PRELOAD_FIELD_TYPE_ID, REQUIRED, ERROR_SEVERITY, LENGTH) VALUES ('553', '23', '4', 'Filer', 'Filer', '4', '0', '1', '136');

-- Detalle campos
INSERT INTO "LD_PRELOAD_FIELD_DEFINITION" (PRELOAD_FIELD_DEFINITION_ID, PRELOAD_ROW_TYPE_ID, COLUMN_NO, NAME, DESCRIPTION, PRELOAD_FIELD_TYPE_ID, REQUIRED, REL_TYPE, ERROR_SEVERITY, LENGTH) VALUES ('554', '24', '1', 'Tipo Reg', 'Tipo de Registro', '4', '1', '0', '3', '1');
INSERT INTO "LD_PRELOAD_FIELD_DEFINITION" (PRELOAD_FIELD_DEFINITION_ID, PRELOAD_ROW_TYPE_ID, COLUMN_NO, NAME, DESCRIPTION, PRELOAD_FIELD_TYPE_ID, REQUIRED, REL_TYPE, ERROR_SEVERITY, LENGTH) VALUES ('555', '24', '2', 'Fec Envio', 'Fecha de envio del archivo (YYYYMMDD)', '7', '1', '0', '3', '8');
INSERT INTO "LD_PRELOAD_FIELD_DEFINITION" (PRELOAD_FIELD_DEFINITION_ID, PRELOAD_ROW_TYPE_ID, COLUMN_NO, NAME, DESCRIPTION, PRELOAD_FIELD_TYPE_ID, REQUIRED, REL_TYPE, ERROR_SEVERITY, LENGTH) VALUES ('556', '24', '3', 'Cod Ramo', 'Código de Ramo BSAN', '4', '0', '0', '3', '3');
INSERT INTO "LD_PRELOAD_FIELD_DEFINITION" (PRELOAD_FIELD_DEFINITION_ID, PRELOAD_ROW_TYPE_ID, COLUMN_NO, NAME, DESCRIPTION, PRELOAD_FIELD_TYPE_ID, REQUIRED, REL_TYPE, ERROR_SEVERITY, LENGTH) VALUES ('557', '24', '4', 'Cod Linea', 'Código de Linea BSAN', '4', '0', '0', '3', '3');
INSERT INTO "LD_PRELOAD_FIELD_DEFINITION" (PRELOAD_FIELD_DEFINITION_ID, PRELOAD_ROW_TYPE_ID, COLUMN_NO, NAME, DESCRIPTION, PRELOAD_FIELD_TYPE_ID, REQUIRED, REL_TYPE, ERROR_SEVERITY, LENGTH) VALUES ('558', '24', '5', 'Cod Producto', 'Código de Producto BSAN', '4', '0', '0', '3', '3');
INSERT INTO "LD_PRELOAD_FIELD_DEFINITION" (PRELOAD_FIELD_DEFINITION_ID, PRELOAD_ROW_TYPE_ID, COLUMN_NO, NAME, DESCRIPTION, PRELOAD_FIELD_TYPE_ID, REQUIRED, REL_TYPE, ERROR_SEVERITY, LENGTH) VALUES ('559', '24', '6', 'Num. Propuesta', 'Número de Propuesta BSAN', '1', '1', '0', '3', '8');
INSERT INTO "LD_PRELOAD_FIELD_DEFINITION" (PRELOAD_FIELD_DEFINITION_ID, PRELOAD_ROW_TYPE_ID, COLUMN_NO, NAME, DESCRIPTION, PRELOAD_FIELD_TYPE_ID, REQUIRED, REL_TYPE, ERROR_SEVERITY, LENGTH) VALUES ('560', '24', '7', 'Cod Tipo Persona', 'Código tipo de persona', '4', '1', '0', '3', '3');
INSERT INTO "LD_PRELOAD_FIELD_DEFINITION" (PRELOAD_FIELD_DEFINITION_ID, PRELOAD_ROW_TYPE_ID, COLUMN_NO, NAME, DESCRIPTION, PRELOAD_FIELD_TYPE_ID, REQUIRED, REL_TYPE, ERROR_SEVERITY, LENGTH) VALUES ('561', '24', '8', 'Cor Tipo Persona', 'Correlativo por tipo de persona', '1', '1', '0', '3', '2');
INSERT INTO "LD_PRELOAD_FIELD_DEFINITION" (PRELOAD_FIELD_DEFINITION_ID, PRELOAD_ROW_TYPE_ID, COLUMN_NO, NAME, DESCRIPTION, PRELOAD_FIELD_TYPE_ID, REQUIRED, REL_TYPE, ERROR_SEVERITY, LENGTH) VALUES ('562', '24', '9', 'Rut Persona', 'Rut Persona', '1', '0', '0', '3', '10');
INSERT INTO "LD_PRELOAD_FIELD_DEFINITION" (PRELOAD_FIELD_DEFINITION_ID, PRELOAD_ROW_TYPE_ID, COLUMN_NO, NAME, DESCRIPTION, PRELOAD_FIELD_TYPE_ID, REQUIRED, REL_TYPE, ERROR_SEVERITY, LENGTH) VALUES ('563', '24', '10', 'Dig Verificador', 'Dígito verificador persona', '1', '0', '0', '3', '1');
INSERT INTO "LD_PRELOAD_FIELD_DEFINITION" (PRELOAD_FIELD_DEFINITION_ID, PRELOAD_ROW_TYPE_ID, COLUMN_NO, NAME, DESCRIPTION, PRELOAD_FIELD_TYPE_ID, REQUIRED, REL_TYPE, ERROR_SEVERITY, LENGTH) VALUES ('564', '24', '11', 'Cod Relacion', 'Código de relación', '1', '0', '0', '3', '2');

-- Pie campos
INSERT INTO "LD_PRELOAD_FIELD_DEFINITION" (PRELOAD_FIELD_DEFINITION_ID, PRELOAD_ROW_TYPE_ID, COLUMN_NO, NAME, DESCRIPTION, PRELOAD_FIELD_TYPE_ID, REQUIRED, ERROR_SEVERITY, LENGTH) VALUES ('565', '25', '1', 'Tipo Reg', 'Tipo de Registro', '4', '1', '3', '1');
INSERT INTO "LD_PRELOAD_FIELD_DEFINITION" (PRELOAD_FIELD_DEFINITION_ID, PRELOAD_ROW_TYPE_ID, COLUMN_NO, NAME, DESCRIPTION, PRELOAD_FIELD_TYPE_ID, REQUIRED, ERROR_SEVERITY, LENGTH) VALUES ('566', '25', '2', 'Fec Envio', 'Fecha de envio del archivo (YYYYMMDD)', '7', '1', '3', '8');
INSERT INTO "LD_PRELOAD_FIELD_DEFINITION" (PRELOAD_FIELD_DEFINITION_ID, PRELOAD_ROW_TYPE_ID, COLUMN_NO, NAME, DESCRIPTION, PRELOAD_FIELD_TYPE_ID, REQUIRED, ERROR_SEVERITY, LENGTH) VALUES ('567', '25', '3', 'Cod Conv', 'Convenio', '4', '1', '3', '3');
INSERT INTO "LD_PRELOAD_FIELD_DEFINITION" (PRELOAD_FIELD_DEFINITION_ID, PRELOAD_ROW_TYPE_ID, COLUMN_NO, NAME, DESCRIPTION, PRELOAD_FIELD_TYPE_ID, REQUIRED, ERROR_SEVERITY, LENGTH) VALUES ('568', '25', '4', 'Can Detalle', 'Cantidad de registros', '1', '1', '3', '5');
INSERT INTO "LD_PRELOAD_FIELD_DEFINITION" (PRELOAD_FIELD_DEFINITION_ID, PRELOAD_ROW_TYPE_ID, COLUMN_NO, NAME, DESCRIPTION, PRELOAD_FIELD_TYPE_ID, REQUIRED, ERROR_SEVERITY, LENGTH) VALUES ('569', '25', '5', 'Mto_total', 'Sumatoria de las primas anuales', '2', '1', '3', '12');
INSERT INTO "LD_PRELOAD_FIELD_DEFINITION" (PRELOAD_FIELD_DEFINITION_ID, PRELOAD_ROW_TYPE_ID, COLUMN_NO, NAME, DESCRIPTION, PRELOAD_FIELD_TYPE_ID, REQUIRED, ERROR_SEVERITY, LENGTH) VALUES ('570', '25', '6', 'Filler', 'Filler', '7', '1', '3', '30');

commit;


------------------------------------------------------
-- DOC-155-CROSS CARGA VENTAS VIDA WEB v2- Fichero 3 -
------------------------------------------------------
-- File definition
INSERT INTO "LD_PRELOAD_FILE" (PRELOAD_FILE_ID, PRELOAD_DEFINITION_ID, NAME, DESCRIPTION, FILE_TYPE, FILENAME_FORMAT_REGEX) 
VALUES ('8', '2', 'Beneficiarios, Asegurados Adicionales', 'En este archivo contiene los Beneficiarios, Asegurados Adicionales y/o Grupo Familiar por propuesta, esto dependerá como está definido en el Archivo 2, por la relación con Código tipo de persona. (e.g. PcsWeb20_20170802_3.txt)', 'TXT','PcsWeb20_\d{4}\d{2}\d{2}_3.(txt|TXT)');

-- Row types
INSERT INTO "LD_PRELOAD_ROW_TYPE" (PRELOAD_ROW_TYPE_ID, PRELOAD_FILE_ID, NAME, IDENTIFIER_COLUMN_NO, IDENTIFIER_VALUE) VALUES ('26', '8', 'Cabecera (Header)', '1', 'C');
INSERT INTO "LD_PRELOAD_ROW_TYPE" (PRELOAD_ROW_TYPE_ID, PRELOAD_FILE_ID, NAME, IDENTIFIER_COLUMN_NO, IDENTIFIER_VALUE) VALUES ('27', '8', 'Detalle (Detail)', '1', 'D');
INSERT INTO "LD_PRELOAD_ROW_TYPE" (PRELOAD_ROW_TYPE_ID, PRELOAD_FILE_ID, NAME, IDENTIFIER_COLUMN_NO, IDENTIFIER_VALUE) VALUES ('28', '8', 'Pie (Footer)', '1', 'T');

-- Cabecera campos
INSERT INTO "LD_PRELOAD_FIELD_DEFINITION" (PRELOAD_FIELD_DEFINITION_ID, PRELOAD_ROW_TYPE_ID, COLUMN_NO, NAME, DESCRIPTION, PRELOAD_FIELD_TYPE_ID, REQUIRED, ERROR_SEVERITY, LENGTH) VALUES ('600', '26', '1', 'Tipo Reg', 'Tipo de Registro', '4', '1', '3', '1');
INSERT INTO "LD_PRELOAD_FIELD_DEFINITION" (PRELOAD_FIELD_DEFINITION_ID, PRELOAD_ROW_TYPE_ID, COLUMN_NO, NAME, DESCRIPTION, PRELOAD_FIELD_TYPE_ID, REQUIRED, ERROR_SEVERITY, LENGTH) VALUES ('601', '26', '2', 'Fec Envio', 'Fecha de envio del archivo (YYYYMMDD)', '7', '1', '3', '8');
INSERT INTO "LD_PRELOAD_FIELD_DEFINITION" (PRELOAD_FIELD_DEFINITION_ID, PRELOAD_ROW_TYPE_ID, COLUMN_NO, NAME, DESCRIPTION, PRELOAD_FIELD_TYPE_ID, REQUIRED, ERROR_SEVERITY, LENGTH) VALUES ('602', '26', '3', 'Convenio', 'Tipo de convenio BSAN', '4', '1', '3', '3');
INSERT INTO "LD_PRELOAD_FIELD_DEFINITION" (PRELOAD_FIELD_DEFINITION_ID, PRELOAD_ROW_TYPE_ID, COLUMN_NO, NAME, DESCRIPTION, PRELOAD_FIELD_TYPE_ID, REQUIRED, ERROR_SEVERITY, LENGTH) VALUES ('603', '26', '4', 'Filer', 'Filer', '4', '0', '1', '136');

-- Detalle campos
INSERT INTO "LD_PRELOAD_FIELD_DEFINITION" (PRELOAD_FIELD_DEFINITION_ID, PRELOAD_ROW_TYPE_ID, COLUMN_NO, NAME, DESCRIPTION, PRELOAD_FIELD_TYPE_ID, REQUIRED, REL_TYPE, ERROR_SEVERITY, LENGTH) VALUES ('604', '27', '1', 'Tipo Reg', 'Tipo de Registro', '4', '1', '0', '3', '1');
INSERT INTO "LD_PRELOAD_FIELD_DEFINITION" (PRELOAD_FIELD_DEFINITION_ID, PRELOAD_ROW_TYPE_ID, COLUMN_NO, NAME, DESCRIPTION, PRELOAD_FIELD_TYPE_ID, REQUIRED, REL_TYPE, ERROR_SEVERITY, LENGTH) VALUES ('605', '27', '2', 'Fec Envio', 'Fecha de envio del archivo (YYYYMMDD)', '7', '1', '0', '3', '8');
INSERT INTO "LD_PRELOAD_FIELD_DEFINITION" (PRELOAD_FIELD_DEFINITION_ID, PRELOAD_ROW_TYPE_ID, COLUMN_NO, NAME, DESCRIPTION, PRELOAD_FIELD_TYPE_ID, REQUIRED, REL_TYPE, ERROR_SEVERITY, LENGTH) VALUES ('606', '27', '3', 'Cod Ramo', 'Código de Ramo BSAN', '4', '0', '0', '3', '3');
INSERT INTO "LD_PRELOAD_FIELD_DEFINITION" (PRELOAD_FIELD_DEFINITION_ID, PRELOAD_ROW_TYPE_ID, COLUMN_NO, NAME, DESCRIPTION, PRELOAD_FIELD_TYPE_ID, REQUIRED, REL_TYPE, ERROR_SEVERITY, LENGTH) VALUES ('607', '27', '4', 'Cod Linea', 'Código de Linea BSAN', '4', '0', '0', '3', '3');
INSERT INTO "LD_PRELOAD_FIELD_DEFINITION" (PRELOAD_FIELD_DEFINITION_ID, PRELOAD_ROW_TYPE_ID, COLUMN_NO, NAME, DESCRIPTION, PRELOAD_FIELD_TYPE_ID, REQUIRED, REL_TYPE, ERROR_SEVERITY, LENGTH) VALUES ('608', '27', '5', 'Cod Producto', 'Código de Producto BSAN', '4', '0', '0', '3', '3');
INSERT INTO "LD_PRELOAD_FIELD_DEFINITION" (PRELOAD_FIELD_DEFINITION_ID, PRELOAD_ROW_TYPE_ID, COLUMN_NO, NAME, DESCRIPTION, PRELOAD_FIELD_TYPE_ID, REQUIRED, REL_TYPE, ERROR_SEVERITY, LENGTH) VALUES ('609', '27', '6', 'Num. Propuesta', 'Número de Propuesta BSAN', '1', '1', '0', '3', '8');
INSERT INTO "LD_PRELOAD_FIELD_DEFINITION" (PRELOAD_FIELD_DEFINITION_ID, PRELOAD_ROW_TYPE_ID, COLUMN_NO, NAME, DESCRIPTION, PRELOAD_FIELD_TYPE_ID, REQUIRED, REL_TYPE, ERROR_SEVERITY, LENGTH) VALUES ('610', '27', '7', 'Filler', 'Filler', '4', '0', '0', '3', '1');
INSERT INTO "LD_PRELOAD_FIELD_DEFINITION" (PRELOAD_FIELD_DEFINITION_ID, PRELOAD_ROW_TYPE_ID, COLUMN_NO, NAME, DESCRIPTION, PRELOAD_FIELD_TYPE_ID, REQUIRED, REL_TYPE, ERROR_SEVERITY, LENGTH) VALUES ('611', '27', '8', 'Rut_Benef', 'Rut Beneficiario', '4', '1', '0', '3', '9');
INSERT INTO "LD_PRELOAD_FIELD_DEFINITION" (PRELOAD_FIELD_DEFINITION_ID, PRELOAD_ROW_TYPE_ID, COLUMN_NO, NAME, DESCRIPTION, PRELOAD_FIELD_TYPE_ID, REQUIRED, REL_TYPE, ERROR_SEVERITY, LENGTH) VALUES ('612', '27', '9', 'Dig verificador', 'Dígito verificador beneficiario', '4', '1', '0', '3', '1');
INSERT INTO "LD_PRELOAD_FIELD_DEFINITION" (PRELOAD_FIELD_DEFINITION_ID, PRELOAD_ROW_TYPE_ID, COLUMN_NO, NAME, DESCRIPTION, PRELOAD_FIELD_TYPE_ID, REQUIRED, REL_TYPE, ERROR_SEVERITY, LENGTH) VALUES ('613', '27', '10', 'Filler', 'Filler', '4', '0', '0', '3', '3');
INSERT INTO "LD_PRELOAD_FIELD_DEFINITION" (PRELOAD_FIELD_DEFINITION_ID, PRELOAD_ROW_TYPE_ID, COLUMN_NO, NAME, DESCRIPTION, PRELOAD_FIELD_TYPE_ID, REQUIRED, REL_TYPE, ERROR_SEVERITY, LENGTH) VALUES ('614', '27', '11', 'Por. Cobertura', 'Porcentaje de cobertura por beneficiario', '4', '0', '0', '3', '3');
INSERT INTO "LD_PRELOAD_FIELD_DEFINITION" (PRELOAD_FIELD_DEFINITION_ID, PRELOAD_ROW_TYPE_ID, COLUMN_NO, NAME, DESCRIPTION, PRELOAD_FIELD_TYPE_ID, REQUIRED, REL_TYPE, ERROR_SEVERITY, LENGTH) VALUES ('615', '27', '12', 'Filler', 'Filler', '4', '0', '0', '3', '3');
INSERT INTO "LD_PRELOAD_FIELD_DEFINITION" (PRELOAD_FIELD_DEFINITION_ID, PRELOAD_ROW_TYPE_ID, COLUMN_NO, NAME, DESCRIPTION, PRELOAD_FIELD_TYPE_ID, REQUIRED, REL_TYPE, ERROR_SEVERITY, LENGTH) VALUES ('616', '27', '13', 'Cod_Tipobene', 'Código de tipo de beneficiario', '4', '0', '0', '3', '1');

-- Pie campos
INSERT INTO "LD_PRELOAD_FIELD_DEFINITION" (PRELOAD_FIELD_DEFINITION_ID, PRELOAD_ROW_TYPE_ID, COLUMN_NO, NAME, DESCRIPTION, PRELOAD_FIELD_TYPE_ID, REQUIRED, ERROR_SEVERITY, LENGTH) VALUES ('617', '28', '1', 'Tipo Reg', 'Tipo de Registro', '4', '1', '3', '1');
INSERT INTO "LD_PRELOAD_FIELD_DEFINITION" (PRELOAD_FIELD_DEFINITION_ID, PRELOAD_ROW_TYPE_ID, COLUMN_NO, NAME, DESCRIPTION, PRELOAD_FIELD_TYPE_ID, REQUIRED, ERROR_SEVERITY, LENGTH) VALUES ('618', '28', '2', 'Fec Envio', 'Fecha de envio del archivo (YYYYMMDD)', '7', '1', '3', '8');
INSERT INTO "LD_PRELOAD_FIELD_DEFINITION" (PRELOAD_FIELD_DEFINITION_ID, PRELOAD_ROW_TYPE_ID, COLUMN_NO, NAME, DESCRIPTION, PRELOAD_FIELD_TYPE_ID, REQUIRED, ERROR_SEVERITY, LENGTH) VALUES ('619', '28', '3', 'Cod Conv', 'Convenio', '4', '1', '3', '3');
INSERT INTO "LD_PRELOAD_FIELD_DEFINITION" (PRELOAD_FIELD_DEFINITION_ID, PRELOAD_ROW_TYPE_ID, COLUMN_NO, NAME, DESCRIPTION, PRELOAD_FIELD_TYPE_ID, REQUIRED, ERROR_SEVERITY, LENGTH) VALUES ('620', '28', '4', 'Can Detalle', 'Cantidad de registros', '1', '1', '3', '5');
INSERT INTO "LD_PRELOAD_FIELD_DEFINITION" (PRELOAD_FIELD_DEFINITION_ID, PRELOAD_ROW_TYPE_ID, COLUMN_NO, NAME, DESCRIPTION, PRELOAD_FIELD_TYPE_ID, REQUIRED, ERROR_SEVERITY, LENGTH) VALUES ('621', '28', '5', 'Mto_total', 'Sumatoria de las primas anuales', '2', '1', '3', '12');
INSERT INTO "LD_PRELOAD_FIELD_DEFINITION" (PRELOAD_FIELD_DEFINITION_ID, PRELOAD_ROW_TYPE_ID, COLUMN_NO, NAME, DESCRIPTION, PRELOAD_FIELD_TYPE_ID, REQUIRED, ERROR_SEVERITY, LENGTH) VALUES ('622', '28', '6', 'Filler', 'Filler', '7', '1', '3', '30');

commit;


-------------------------------------------------------
-- DOC-155-CROSS CARGA VENTAS VIDA WEB v2 - Fichero 4 -
-------------------------------------------------------
-- File definition
INSERT INTO "LD_PRELOAD_FILE" (PRELOAD_FILE_ID, PRELOAD_DEFINITION_ID, NAME, DESCRIPTION, FILE_TYPE, FILENAME_FORMAT_REGEX) 
VALUES ('9', '2', 'Datos demográficos de personas', 'Información y datos demográficos de personas. (e.g. PcsWeb20_20170802_4.txt)', 'TXT','PcsWeb20_\d{4}\d{2}\d{2}_4.(txt|TXT)');

-- Row types
INSERT INTO "LD_PRELOAD_ROW_TYPE" (PRELOAD_ROW_TYPE_ID, PRELOAD_FILE_ID, NAME, IDENTIFIER_COLUMN_NO, IDENTIFIER_VALUE) VALUES ('29', '9', 'Cabecera (Header)', '1', 'C');
INSERT INTO "LD_PRELOAD_ROW_TYPE" (PRELOAD_ROW_TYPE_ID, PRELOAD_FILE_ID, NAME, IDENTIFIER_COLUMN_NO, IDENTIFIER_VALUE) VALUES ('30', '9', 'Detalle (Detail)', '1', 'D');
INSERT INTO "LD_PRELOAD_ROW_TYPE" (PRELOAD_ROW_TYPE_ID, PRELOAD_FILE_ID, NAME, IDENTIFIER_COLUMN_NO, IDENTIFIER_VALUE) VALUES ('31', '9', 'Pie (Footer)', '1', 'T');

-- Cabecera campos
INSERT INTO "LD_PRELOAD_FIELD_DEFINITION" (PRELOAD_FIELD_DEFINITION_ID, PRELOAD_ROW_TYPE_ID, COLUMN_NO, NAME, DESCRIPTION, PRELOAD_FIELD_TYPE_ID, REQUIRED, ERROR_SEVERITY, LENGTH) VALUES ('650', '29', '1', 'Tipo Reg', 'Tipo de Registro', '4', '1', '3', '1');
INSERT INTO "LD_PRELOAD_FIELD_DEFINITION" (PRELOAD_FIELD_DEFINITION_ID, PRELOAD_ROW_TYPE_ID, COLUMN_NO, NAME, DESCRIPTION, PRELOAD_FIELD_TYPE_ID, REQUIRED, ERROR_SEVERITY, LENGTH) VALUES ('651', '29', '2', 'Fec Envio', 'Fecha de envio del archivo (YYYYMMDD)', '7', '1', '3', '8');
INSERT INTO "LD_PRELOAD_FIELD_DEFINITION" (PRELOAD_FIELD_DEFINITION_ID, PRELOAD_ROW_TYPE_ID, COLUMN_NO, NAME, DESCRIPTION, PRELOAD_FIELD_TYPE_ID, REQUIRED, ERROR_SEVERITY, LENGTH) VALUES ('652', '29', '3', 'Convenio', 'Tipo de convenio BSAN', '4', '1', '3', '3');
INSERT INTO "LD_PRELOAD_FIELD_DEFINITION" (PRELOAD_FIELD_DEFINITION_ID, PRELOAD_ROW_TYPE_ID, COLUMN_NO, NAME, DESCRIPTION, PRELOAD_FIELD_TYPE_ID, REQUIRED, ERROR_SEVERITY, LENGTH) VALUES ('653', '29', '4', 'Filer', 'Filer', '4', '0', '1', '136');

-- Detalle campos
INSERT INTO "LD_PRELOAD_FIELD_DEFINITION" (PRELOAD_FIELD_DEFINITION_ID, PRELOAD_ROW_TYPE_ID, COLUMN_NO, NAME, DESCRIPTION, PRELOAD_FIELD_TYPE_ID, REQUIRED, REL_TYPE, ERROR_SEVERITY, LENGTH) VALUES ('654', '30', '1', 'Tipo Reg', 'Tipo de Registro', '4', '1', '0', '3', '1');
INSERT INTO "LD_PRELOAD_FIELD_DEFINITION" (PRELOAD_FIELD_DEFINITION_ID, PRELOAD_ROW_TYPE_ID, COLUMN_NO, NAME, DESCRIPTION, PRELOAD_FIELD_TYPE_ID, REQUIRED, REL_TYPE, ERROR_SEVERITY, LENGTH) VALUES ('655', '30', '2', 'Fec Envio', 'Fecha de envio del archivo (YYYYMMDD)', '7', '1', '0', '3', '8');
INSERT INTO "LD_PRELOAD_FIELD_DEFINITION" (PRELOAD_FIELD_DEFINITION_ID, PRELOAD_ROW_TYPE_ID, COLUMN_NO, NAME, DESCRIPTION, PRELOAD_FIELD_TYPE_ID, REQUIRED, REL_TYPE, ERROR_SEVERITY, LENGTH) VALUES ('656', '30', '3', 'Filler', 'Filler', '4', '1', '0', '3', '2');
INSERT INTO "LD_PRELOAD_FIELD_DEFINITION" (PRELOAD_FIELD_DEFINITION_ID, PRELOAD_ROW_TYPE_ID, COLUMN_NO, NAME, DESCRIPTION, PRELOAD_FIELD_TYPE_ID, REQUIRED, REL_TYPE, ERROR_SEVERITY, LENGTH) VALUES ('657', '30', '4', 'Rut', 'Rut Contratante', '4', '1', '0', '3', '9');
INSERT INTO "LD_PRELOAD_FIELD_DEFINITION" (PRELOAD_FIELD_DEFINITION_ID, PRELOAD_ROW_TYPE_ID, COLUMN_NO, NAME, DESCRIPTION, PRELOAD_FIELD_TYPE_ID, REQUIRED, REL_TYPE, ERROR_SEVERITY, LENGTH) VALUES ('658', '30', '5', 'Filler', 'Filler', '4', '0', '0', '3', '1');
INSERT INTO "LD_PRELOAD_FIELD_DEFINITION" (PRELOAD_FIELD_DEFINITION_ID, PRELOAD_ROW_TYPE_ID, COLUMN_NO, NAME, DESCRIPTION, PRELOAD_FIELD_TYPE_ID, REQUIRED, REL_TYPE, ERROR_SEVERITY, LENGTH) VALUES ('659', '30', '6', 'Ape Paterno', 'Apellido perterno', '4', '1', '0', '3', '20');
INSERT INTO "LD_PRELOAD_FIELD_DEFINITION" (PRELOAD_FIELD_DEFINITION_ID, PRELOAD_ROW_TYPE_ID, COLUMN_NO, NAME, DESCRIPTION, PRELOAD_FIELD_TYPE_ID, REQUIRED, REL_TYPE, ERROR_SEVERITY, LENGTH) VALUES ('660', '30', '7', 'Ape Materno', 'Apellido perterno', '4', '1', '0', '3', '20');
INSERT INTO "LD_PRELOAD_FIELD_DEFINITION" (PRELOAD_FIELD_DEFINITION_ID, PRELOAD_ROW_TYPE_ID, COLUMN_NO, NAME, DESCRIPTION, PRELOAD_FIELD_TYPE_ID, REQUIRED, REL_TYPE, ERROR_SEVERITY, LENGTH) VALUES ('661', '30', '8', 'Nombres', 'Nombre', '4', '1', '0', '3', '25');
INSERT INTO "LD_PRELOAD_FIELD_DEFINITION" (PRELOAD_FIELD_DEFINITION_ID, PRELOAD_ROW_TYPE_ID, COLUMN_NO, NAME, DESCRIPTION, PRELOAD_FIELD_TYPE_ID, REQUIRED, REL_TYPE, ERROR_SEVERITY, LENGTH) VALUES ('662', '30', '9', 'Fec Nacimento', 'Fecha de nacimento', '7', '1', '0', '3', '8');
INSERT INTO "LD_PRELOAD_FIELD_DEFINITION" (PRELOAD_FIELD_DEFINITION_ID, PRELOAD_ROW_TYPE_ID, COLUMN_NO, NAME, DESCRIPTION, PRELOAD_FIELD_TYPE_ID, REQUIRED, REL_TYPE, ERROR_SEVERITY, LENGTH) VALUES ('663', '30', '10', 'Cod sexo', 'Codigo sexo', '4', '1', '0', '3', '1');
INSERT INTO "LD_PRELOAD_FIELD_DEFINITION" (PRELOAD_FIELD_DEFINITION_ID, PRELOAD_ROW_TYPE_ID, COLUMN_NO, NAME, DESCRIPTION, PRELOAD_FIELD_TYPE_ID, REQUIRED, REL_TYPE, ERROR_SEVERITY, LENGTH) VALUES ('664', '30', '11', 'Cod est civil', 'Codigo estado civil', '4', '1', '0', '3', '1');
INSERT INTO "LD_PRELOAD_FIELD_DEFINITION" (PRELOAD_FIELD_DEFINITION_ID, PRELOAD_ROW_TYPE_ID, COLUMN_NO, NAME, DESCRIPTION, PRELOAD_FIELD_TYPE_ID, REQUIRED, REL_TYPE, ERROR_SEVERITY, LENGTH) VALUES ('665', '30', '12', 'Fono', 'Telefono contacto', '4', '1', '0', '3', '20');
INSERT INTO "LD_PRELOAD_FIELD_DEFINITION" (PRELOAD_FIELD_DEFINITION_ID, PRELOAD_ROW_TYPE_ID, COLUMN_NO, NAME, DESCRIPTION, PRELOAD_FIELD_TYPE_ID, REQUIRED, REL_TYPE, ERROR_SEVERITY, LENGTH) VALUES ('666', '30', '13', 'Cod Ciudad', 'Codigo de ciudad', '4', '1', '0', '3', '5');
INSERT INTO "LD_PRELOAD_FIELD_DEFINITION" (PRELOAD_FIELD_DEFINITION_ID, PRELOAD_ROW_TYPE_ID, COLUMN_NO, NAME, DESCRIPTION, PRELOAD_FIELD_TYPE_ID, REQUIRED, REL_TYPE, ERROR_SEVERITY, LENGTH) VALUES ('667', '30', '14', 'Cod Comuna', 'Codigo de comuna', '4', '1', '0', '3', '5');
INSERT INTO "LD_PRELOAD_FIELD_DEFINITION" (PRELOAD_FIELD_DEFINITION_ID, PRELOAD_ROW_TYPE_ID, COLUMN_NO, NAME, DESCRIPTION, PRELOAD_FIELD_TYPE_ID, REQUIRED, REL_TYPE, ERROR_SEVERITY, LENGTH) VALUES ('668', '30', '15', 'Direccion', 'Direccion', '4', '1', '0', '3', '80');
INSERT INTO "LD_PRELOAD_FIELD_DEFINITION" (PRELOAD_FIELD_DEFINITION_ID, PRELOAD_ROW_TYPE_ID, COLUMN_NO, NAME, DESCRIPTION, PRELOAD_FIELD_TYPE_ID, REQUIRED, REL_TYPE, ERROR_SEVERITY, LENGTH) VALUES ('669', '30', '16', 'Rta_mes', 'Renta mensual', '1', '0', '0', '3', '12');

-- Pie campos
INSERT INTO "LD_PRELOAD_FIELD_DEFINITION" (PRELOAD_FIELD_DEFINITION_ID, PRELOAD_ROW_TYPE_ID, COLUMN_NO, NAME, DESCRIPTION, PRELOAD_FIELD_TYPE_ID, REQUIRED, ERROR_SEVERITY, LENGTH) VALUES ('670', '31', '1', 'Tipo Reg', 'Tipo de Registro', '4', '1', '3', '1');
INSERT INTO "LD_PRELOAD_FIELD_DEFINITION" (PRELOAD_FIELD_DEFINITION_ID, PRELOAD_ROW_TYPE_ID, COLUMN_NO, NAME, DESCRIPTION, PRELOAD_FIELD_TYPE_ID, REQUIRED, ERROR_SEVERITY, LENGTH) VALUES ('671', '31', '2', 'Fec Envio', 'Fecha de envio del archivo (YYYYMMDD)', '7', '1', '3', '8');
INSERT INTO "LD_PRELOAD_FIELD_DEFINITION" (PRELOAD_FIELD_DEFINITION_ID, PRELOAD_ROW_TYPE_ID, COLUMN_NO, NAME, DESCRIPTION, PRELOAD_FIELD_TYPE_ID, REQUIRED, ERROR_SEVERITY, LENGTH) VALUES ('672', '31', '3', 'Cod Conv', 'Convenio', '4', '1', '3', '3');
INSERT INTO "LD_PRELOAD_FIELD_DEFINITION" (PRELOAD_FIELD_DEFINITION_ID, PRELOAD_ROW_TYPE_ID, COLUMN_NO, NAME, DESCRIPTION, PRELOAD_FIELD_TYPE_ID, REQUIRED, ERROR_SEVERITY, LENGTH) VALUES ('673', '31', '4', 'Can Detalle', 'Cantidad de registros', '1', '1', '3', '5');
INSERT INTO "LD_PRELOAD_FIELD_DEFINITION" (PRELOAD_FIELD_DEFINITION_ID, PRELOAD_ROW_TYPE_ID, COLUMN_NO, NAME, DESCRIPTION, PRELOAD_FIELD_TYPE_ID, REQUIRED, ERROR_SEVERITY, LENGTH) VALUES ('674', '31', '5', 'Mto_total', 'Sumatoria de las primas anuales', '2', '1', '3', '12');
INSERT INTO "LD_PRELOAD_FIELD_DEFINITION" (PRELOAD_FIELD_DEFINITION_ID, PRELOAD_ROW_TYPE_ID, COLUMN_NO, NAME, DESCRIPTION, PRELOAD_FIELD_TYPE_ID, REQUIRED, ERROR_SEVERITY, LENGTH) VALUES ('675', '31', '6', 'Filler', 'Filler', '7', '1', '3', '30');

commit;
