
---------------------------------
-- Ficha Interfaces Batch Group -
---------------------------------

-- Delete the old version. (THIS IS A CASADE DETELE!!!!!!)
DELETE FROM "LD_PRELOAD_DEFINITION_GROUP" WHERE PRELOAD_DEFINITION_GROUP_ID = 1;

-- Create the new preload definition group
INSERT INTO "LD_PRELOAD_DEFINITION_GROUP" (PRELOAD_DEFINITION_GROUP_ID, NAME, DESCRIPTION) VALUES ('1', 'Ficha Interfaces Batch', 'Ficha Interfaces Batch');

commit;



-----------------------------------------------------
-- DOC-144-CROSS Traspaso Seguros BSAN a Gesvida v2 -
-----------------------------------------------------

-- Delete the pervious version of the load definition. (THIS IS A CASADE DETELE!!!!!!)
DELETE FROM "LD_PRELOAD_DEFINITION" WHERE PRELOAD_DEFINITION_ID = 1;

-- Create the new preload definition.
INSERT INTO "LD_PRELOAD_DEFINITION" (PRELOAD_DEFINITION_ID, PRELOAD_DEFINITION_GROUP_ID, NAME, MAX_PRELOAD_LOW_ERRORS, MAX_PRELOAD_MEDIUM_ERRORS, MAX_PRELOAD_HIGH_ERRORS, LOAD_IF_PRELOAD_OK) VALUES ('1', '1', 'Traspaso Seguros BSAN a Gesvida v2', '10', '5', '0', '0');


------------------------------
-- DOC-144-CROSS - Fichero 1 -
------------------------------

-- File definition
INSERT INTO "LD_PRELOAD_FILE" (PRELOAD_FILE_ID, PRELOAD_DEFINITION_ID, NAME, DESCRIPTION, FILE_TYPE, FILENAME_FORMAT_REGEX) 
VALUES ('1', '1', 'Información general de las ventas', 'Archivo con información general de las ventas (propuestas) (e.g. pcs20170725_1.txt)', 'TXT','pcs\d{4}\d{2}\d{2}_1.(txt|TXT)');

-- Row types
INSERT INTO "LD_PRELOAD_ROW_TYPE" (PRELOAD_ROW_TYPE_ID, PRELOAD_FILE_ID, NAME, IDENTIFIER_COLUMN_NO, IDENTIFIER_VALUE) VALUES ('1', '1', 'Cabecera (Header)', '1', 'C');
INSERT INTO "LD_PRELOAD_ROW_TYPE" (PRELOAD_ROW_TYPE_ID, PRELOAD_FILE_ID, NAME, IDENTIFIER_COLUMN_NO, IDENTIFIER_VALUE) VALUES ('2', '1', 'Detalle (Detail)', '1', 'D');
INSERT INTO "LD_PRELOAD_ROW_TYPE" (PRELOAD_ROW_TYPE_ID, PRELOAD_FILE_ID, NAME, IDENTIFIER_COLUMN_NO, IDENTIFIER_VALUE) VALUES ('3', '1', 'Pie (Footer)', '1', 'T');

-- Cabecera campos
INSERT INTO "LD_PRELOAD_FIELD_DEFINITION" (PRELOAD_FIELD_DEFINITION_ID, PRELOAD_ROW_TYPE_ID, COLUMN_NO, NAME, DESCRIPTION, PRELOAD_FIELD_TYPE_ID, REQUIRED, ERROR_SEVERITY, LENGTH) VALUES ('1', '1', '1', 'Tipo Reg', 'Tipo de Registro', '4', '1', '3', '1');
INSERT INTO "LD_PRELOAD_FIELD_DEFINITION" (PRELOAD_FIELD_DEFINITION_ID, PRELOAD_ROW_TYPE_ID, COLUMN_NO, NAME, DESCRIPTION, PRELOAD_FIELD_TYPE_ID, REQUIRED, ERROR_SEVERITY, LENGTH) VALUES ('2', '1', '2', 'Fec Envio', 'Fecha de envio del archivo (YYYYMMDD)', '7', '1', '3', '8');
INSERT INTO "LD_PRELOAD_FIELD_DEFINITION" (PRELOAD_FIELD_DEFINITION_ID, PRELOAD_ROW_TYPE_ID, COLUMN_NO, NAME, DESCRIPTION, PRELOAD_FIELD_TYPE_ID, REQUIRED, ERROR_SEVERITY, LENGTH) VALUES ('3', '1', '3', 'Convenio', 'Tipo de convenio BSAN', '4', '1', '3', '3');
INSERT INTO "LD_PRELOAD_FIELD_DEFINITION" (PRELOAD_FIELD_DEFINITION_ID, PRELOAD_ROW_TYPE_ID, COLUMN_NO, NAME, DESCRIPTION, PRELOAD_FIELD_TYPE_ID, REQUIRED, ERROR_SEVERITY, LENGTH) VALUES ('4', '1', '4', 'Filer', 'Filer', '4', '0', '1', '136');

-- Detalle campos
INSERT INTO "LD_PRELOAD_FIELD_DEFINITION" (PRELOAD_FIELD_DEFINITION_ID, PRELOAD_ROW_TYPE_ID, COLUMN_NO, NAME, DESCRIPTION, PRELOAD_FIELD_TYPE_ID, REQUIRED, REL_TYPE, ERROR_SEVERITY, LENGTH) VALUES ('5', '2', '1', 'Tipo Reg', 'Tipo de Registro', '4', '1', '0', '3', '1');
INSERT INTO "LD_PRELOAD_FIELD_DEFINITION" (PRELOAD_FIELD_DEFINITION_ID, PRELOAD_ROW_TYPE_ID, COLUMN_NO, NAME, DESCRIPTION, PRELOAD_FIELD_TYPE_ID, REQUIRED, REL_TYPE, ERROR_SEVERITY, LENGTH) VALUES ('6', '2', '2', 'Fec Envio', 'Fecha de envio del archivo (YYYYMMDD)', '7', '1', '0', '3', '8');
INSERT INTO "LD_PRELOAD_FIELD_DEFINITION" (PRELOAD_FIELD_DEFINITION_ID, PRELOAD_ROW_TYPE_ID, COLUMN_NO, NAME, DESCRIPTION, PRELOAD_FIELD_TYPE_ID, REQUIRED, REL_TYPE, ERROR_SEVERITY, LENGTH) VALUES ('7', '2', '3', 'Cod. Conv.', 'Tipo de convenio BSAN', '4', '1', '0', '3', '3');
INSERT INTO "LD_PRELOAD_FIELD_DEFINITION" (PRELOAD_FIELD_DEFINITION_ID, PRELOAD_ROW_TYPE_ID, COLUMN_NO, NAME, DESCRIPTION, PRELOAD_FIELD_TYPE_ID, REQUIRED, REL_TYPE, ERROR_SEVERITY, LENGTH) VALUES ('8', '2', '4', 'Tipo Trans.', 'Codigo de envio BSAN', '4', '1', '0', '3', '6');
INSERT INTO "LD_PRELOAD_FIELD_DEFINITION" (PRELOAD_FIELD_DEFINITION_ID, PRELOAD_ROW_TYPE_ID, COLUMN_NO, NAME, DESCRIPTION, PRELOAD_FIELD_TYPE_ID, REQUIRED, REL_TYPE, ERROR_SEVERITY, LENGTH) VALUES ('9', '2', '5', 'Cod Ramo', 'Codigo de Ramo BSAN', '4', '1', '0', '3', '3');
INSERT INTO "LD_PRELOAD_FIELD_DEFINITION" (PRELOAD_FIELD_DEFINITION_ID, PRELOAD_ROW_TYPE_ID, COLUMN_NO, NAME, DESCRIPTION, PRELOAD_FIELD_TYPE_ID, REQUIRED, REL_TYPE, ERROR_SEVERITY, LENGTH) VALUES ('10', '2', '6', 'Cod Linea', 'Codigo de Linea BSAN', '4', '1', '0', '3', '3');
INSERT INTO "LD_PRELOAD_FIELD_DEFINITION" (PRELOAD_FIELD_DEFINITION_ID, PRELOAD_ROW_TYPE_ID, COLUMN_NO, NAME, DESCRIPTION, PRELOAD_FIELD_TYPE_ID, REQUIRED, REL_TYPE, ERROR_SEVERITY, LENGTH) VALUES ('11', '2', '7', 'Cod Producto', 'Codigo de Producto BSAN', '4', '1', '0', '3', '3');
INSERT INTO "LD_PRELOAD_FIELD_DEFINITION" (PRELOAD_FIELD_DEFINITION_ID, PRELOAD_ROW_TYPE_ID, COLUMN_NO, NAME, DESCRIPTION, PRELOAD_FIELD_TYPE_ID, REQUIRED, REL_TYPE, ERROR_SEVERITY, LENGTH) VALUES ('12', '2', '8', 'Num Propuesta', 'Codigo de Propuesta BSAN', '1', '1', '0', '3', '8');
INSERT INTO "LD_PRELOAD_FIELD_DEFINITION" (PRELOAD_FIELD_DEFINITION_ID, PRELOAD_ROW_TYPE_ID, COLUMN_NO, NAME, DESCRIPTION, PRELOAD_FIELD_TYPE_ID, REQUIRED, REL_TYPE, ERROR_SEVERITY, LENGTH) VALUES ('13', '2', '9', 'Num. Poliza', 'Numero de poliza', '1', '1', '0', '3', '12');
INSERT INTO "LD_PRELOAD_FIELD_DEFINITION" (PRELOAD_FIELD_DEFINITION_ID, PRELOAD_ROW_TYPE_ID, COLUMN_NO, NAME, DESCRIPTION, PRELOAD_FIELD_TYPE_ID, REQUIRED, REL_TYPE, ERROR_SEVERITY, LENGTH) VALUES ('14', '2', '10', 'Cod Plan', 'Codigo de plan', '4', '1', '0', '3', '3');
INSERT INTO "LD_PRELOAD_FIELD_DEFINITION" (PRELOAD_FIELD_DEFINITION_ID, PRELOAD_ROW_TYPE_ID, COLUMN_NO, NAME, DESCRIPTION, PRELOAD_FIELD_TYPE_ID, REQUIRED, REL_TYPE, ERROR_SEVERITY, LENGTH) VALUES ('15', '2', '11', 'Fec Venta', 'Fech de venta (YYYYMMDD)', '7', '1', '0', '3', '8');
INSERT INTO "LD_PRELOAD_FIELD_DEFINITION" (PRELOAD_FIELD_DEFINITION_ID, PRELOAD_ROW_TYPE_ID, COLUMN_NO, NAME, DESCRIPTION, PRELOAD_FIELD_TYPE_ID, REQUIRED, REL_TYPE, ERROR_SEVERITY, LENGTH) VALUES ('16', '2', '12', 'Cod Moneda', 'Código de moneda', '4', '1', '0', '3', '3');
INSERT INTO "LD_PRELOAD_FIELD_DEFINITION" (PRELOAD_FIELD_DEFINITION_ID, PRELOAD_ROW_TYPE_ID, COLUMN_NO, NAME, DESCRIPTION, PRELOAD_FIELD_TYPE_ID, REQUIRED, REL_TYPE, ERROR_SEVERITY, LENGTH) VALUES ('17', '2', '13', 'Prima_Cuota', 'Prima cuota', '3', '1', '0', '3', '12');
INSERT INTO "LD_PRELOAD_FIELD_DEFINITION" (PRELOAD_FIELD_DEFINITION_ID, PRELOAD_ROW_TYPE_ID, COLUMN_NO, NAME, DESCRIPTION, PRELOAD_FIELD_TYPE_ID, REQUIRED, REL_TYPE, ERROR_SEVERITY, LENGTH) VALUES ('18', '2', '14', 'Prima_Total', 'Prima total', '3', '1', '0', '3', '12');
INSERT INTO "LD_PRELOAD_FIELD_DEFINITION" (PRELOAD_FIELD_DEFINITION_ID, PRELOAD_ROW_TYPE_ID, COLUMN_NO, NAME, DESCRIPTION, PRELOAD_FIELD_TYPE_ID, REQUIRED, REL_TYPE, ERROR_SEVERITY, LENGTH) VALUES ('19', '2', '15', 'Cod Frec. Pago', 'Periodicidad de pago', '1', '1', '0', '3', '1');
INSERT INTO "LD_PRELOAD_FIELD_DEFINITION" (PRELOAD_FIELD_DEFINITION_ID, PRELOAD_ROW_TYPE_ID, COLUMN_NO, NAME, DESCRIPTION, PRELOAD_FIELD_TYPE_ID, REQUIRED, REL_TYPE, ERROR_SEVERITY, LENGTH) VALUES ('20', '2', '16', 'Cod Banco/Tarjeta', 'Tipo de pago Cta Cte o Tarjeta de credito', '1', '1', '0', '3', '3');
INSERT INTO "LD_PRELOAD_FIELD_DEFINITION" (PRELOAD_FIELD_DEFINITION_ID, PRELOAD_ROW_TYPE_ID, COLUMN_NO, NAME, DESCRIPTION, PRELOAD_FIELD_TYPE_ID, REQUIRED, REL_TYPE, ERROR_SEVERITY, LENGTH) VALUES ('21', '2', '17', 'Num Med Pago', 'Número del Medio de pago Ctacte o Tarjeta', '1', '1', '0', '3', '20');
INSERT INTO "LD_PRELOAD_FIELD_DEFINITION" (PRELOAD_FIELD_DEFINITION_ID, PRELOAD_ROW_TYPE_ID, COLUMN_NO, NAME, DESCRIPTION, PRELOAD_FIELD_TYPE_ID, REQUIRED, REL_TYPE, ERROR_SEVERITY, LENGTH) VALUES ('22', '2', '18', 'Cod Sucursal', 'Código Sucursa', '4', '1', '0', '3', '5');
INSERT INTO "LD_PRELOAD_FIELD_DEFINITION" (PRELOAD_FIELD_DEFINITION_ID, PRELOAD_ROW_TYPE_ID, COLUMN_NO, NAME, DESCRIPTION, PRELOAD_FIELD_TYPE_ID, REQUIRED, REL_TYPE, ERROR_SEVERITY, LENGTH) VALUES ('23', '2', '19', 'Cod Via Contacto', 'Codigo de contacto de venta', '4', '1', '0', '3', '3');
INSERT INTO "LD_PRELOAD_FIELD_DEFINITION" (PRELOAD_FIELD_DEFINITION_ID, PRELOAD_ROW_TYPE_ID, COLUMN_NO, NAME, DESCRIPTION, PRELOAD_FIELD_TYPE_ID, REQUIRED, REL_TYPE, ERROR_SEVERITY, LENGTH) VALUES ('24', '2', '20', 'Filler', 'Filler', '4', '1', '0', '3', '3');
INSERT INTO "LD_PRELOAD_FIELD_DEFINITION" (PRELOAD_FIELD_DEFINITION_ID, PRELOAD_ROW_TYPE_ID, COLUMN_NO, NAME, DESCRIPTION, PRELOAD_FIELD_TYPE_ID, REQUIRED, REL_TYPE, ERROR_SEVERITY, LENGTH) VALUES ('25', '2', '21', 'Rut_Eje', 'Rut Ejecutivo', '4', '1', '0', '3', '8');
INSERT INTO "LD_PRELOAD_FIELD_DEFINITION" (PRELOAD_FIELD_DEFINITION_ID, PRELOAD_ROW_TYPE_ID, COLUMN_NO, NAME, DESCRIPTION, PRELOAD_FIELD_TYPE_ID, REQUIRED, REL_TYPE, ERROR_SEVERITY, LENGTH) VALUES ('26', '2', '22', 'Dv_Eje', 'Dv_Eje', '4', '1', '0', '3', '1');
INSERT INTO "LD_PRELOAD_FIELD_DEFINITION" (PRELOAD_FIELD_DEFINITION_ID, PRELOAD_ROW_TYPE_ID, COLUMN_NO, NAME, DESCRIPTION, PRELOAD_FIELD_TYPE_ID, REQUIRED, REL_TYPE, ERROR_SEVERITY, LENGTH) VALUES ('27', '2', '23', 'Filler', 'Filler', '4', '1', '0', '3', '12');
INSERT INTO "LD_PRELOAD_FIELD_DEFINITION" (PRELOAD_FIELD_DEFINITION_ID, PRELOAD_ROW_TYPE_ID, COLUMN_NO, NAME, DESCRIPTION, PRELOAD_FIELD_TYPE_ID, REQUIRED, REL_TYPE, ERROR_SEVERITY, LENGTH) VALUES ('28', '2', '24', 'CodEstado', 'Código de estado', '4', '1', '0', '3', '3');
INSERT INTO "LD_PRELOAD_FIELD_DEFINITION" (PRELOAD_FIELD_DEFINITION_ID, PRELOAD_ROW_TYPE_ID, COLUMN_NO, NAME, DESCRIPTION, PRELOAD_FIELD_TYPE_ID, REQUIRED, REL_TYPE, ERROR_SEVERITY, LENGTH) VALUES ('29', '2', '25', 'Cod Dia Pago', 'Código día de pago', '4', '1', '0', '3', '3');
INSERT INTO "LD_PRELOAD_FIELD_DEFINITION" (PRELOAD_FIELD_DEFINITION_ID, PRELOAD_ROW_TYPE_ID, COLUMN_NO, NAME, DESCRIPTION, PRELOAD_FIELD_TYPE_ID, REQUIRED, REL_TYPE, ERROR_SEVERITY, LENGTH) VALUES ('30', '2', '26', 'Cod Via Contacto', 'Idem al anterior esta duplicado', '4', '1', '0', '3', '4');
INSERT INTO "LD_PRELOAD_FIELD_DEFINITION" (PRELOAD_FIELD_DEFINITION_ID, PRELOAD_ROW_TYPE_ID, COLUMN_NO, NAME, DESCRIPTION, PRELOAD_FIELD_TYPE_ID, REQUIRED, REL_TYPE, ERROR_SEVERITY, LENGTH) VALUES ('31', '2', '27', 'Cod Fuente', 'Origen de la venta', '4', '1', '0', '3', '3');
INSERT INTO "LD_PRELOAD_FIELD_DEFINITION" (PRELOAD_FIELD_DEFINITION_ID, PRELOAD_ROW_TYPE_ID, COLUMN_NO, NAME, DESCRIPTION, PRELOAD_FIELD_TYPE_ID, REQUIRED, REL_TYPE, ERROR_SEVERITY, LENGTH) VALUES ('32', '2', '28', 'Nom Eje', 'Nombre ejecutivo', '4', '1', '0', '3', '30');
INSERT INTO "LD_PRELOAD_FIELD_DEFINITION" (PRELOAD_FIELD_DEFINITION_ID, PRELOAD_ROW_TYPE_ID, COLUMN_NO, NAME, DESCRIPTION, PRELOAD_FIELD_TYPE_ID, REQUIRED, REL_TYPE, ERROR_SEVERITY, LENGTH) VALUES ('33', '2', '29', 'Cod Med Pago', 'Código medio de pago', '4', '1', '0', '3', '1');
INSERT INTO "LD_PRELOAD_FIELD_DEFINITION" (PRELOAD_FIELD_DEFINITION_ID, PRELOAD_ROW_TYPE_ID, COLUMN_NO, NAME, DESCRIPTION, PRELOAD_FIELD_TYPE_ID, REQUIRED, REL_TYPE, ERROR_SEVERITY, LENGTH) VALUES ('34', '2', '30', 'Fec Vige', 'Fecha de vigencia productos viaje', '7', '1', '0', '3', '8');
INSERT INTO "LD_PRELOAD_FIELD_DEFINITION" (PRELOAD_FIELD_DEFINITION_ID, PRELOAD_ROW_TYPE_ID, COLUMN_NO, NAME, DESCRIPTION, PRELOAD_FIELD_TYPE_ID, REQUIRED, REL_TYPE, ERROR_SEVERITY, LENGTH) VALUES ('35', '2', '31', 'Emite Kit', 'Flag que indica si emite o no Kit', '4', '1', '0', '3', '1');
INSERT INTO "LD_PRELOAD_FIELD_DEFINITION" (PRELOAD_FIELD_DEFINITION_ID, PRELOAD_ROW_TYPE_ID, COLUMN_NO, NAME, DESCRIPTION, PRELOAD_FIELD_TYPE_ID, REQUIRED, REL_TYPE, ERROR_SEVERITY, LENGTH) VALUES ('36', '2', '32', 'Super Clave', 'Super Clave', '4', '1', '0', '3', '13');
INSERT INTO "LD_PRELOAD_FIELD_DEFINITION" (PRELOAD_FIELD_DEFINITION_ID, PRELOAD_ROW_TYPE_ID, COLUMN_NO, NAME, DESCRIPTION, PRELOAD_FIELD_TYPE_ID, REQUIRED, REL_TYPE, ERROR_SEVERITY, LENGTH) VALUES ('37', '2', '33', 'Dps Sucia', 'Flag que indica si DPS esta con información para evaluar', '4', '1', '0', '3', '1');
INSERT INTO "LD_PRELOAD_FIELD_DEFINITION" (PRELOAD_FIELD_DEFINITION_ID, PRELOAD_ROW_TYPE_ID, COLUMN_NO, NAME, DESCRIPTION, PRELOAD_FIELD_TYPE_ID, REQUIRED, REL_TYPE, ERROR_SEVERITY, LENGTH) VALUES ('38', '2', '34', 'Filler', 'Filler', '4', '0', '0', '3', '1');
INSERT INTO "LD_PRELOAD_FIELD_DEFINITION" (PRELOAD_FIELD_DEFINITION_ID, PRELOAD_ROW_TYPE_ID, COLUMN_NO, NAME, DESCRIPTION, PRELOAD_FIELD_TYPE_ID, REQUIRED, REL_TYPE, ERROR_SEVERITY, LENGTH) VALUES ('39', '2', '35', 'Declara', 'Declaración de Salud del cliente', '4', '1', '0', '3', '100');
INSERT INTO "LD_PRELOAD_FIELD_DEFINITION" (PRELOAD_FIELD_DEFINITION_ID, PRELOAD_ROW_TYPE_ID, COLUMN_NO, NAME, DESCRIPTION, PRELOAD_FIELD_TYPE_ID, REQUIRED, REL_TYPE, ERROR_SEVERITY, LENGTH) VALUES ('40', '2', '36', 'Filler', 'Filler', '4', '0', '0', '3', '155');
INSERT INTO "LD_PRELOAD_FIELD_DEFINITION" (PRELOAD_FIELD_DEFINITION_ID, PRELOAD_ROW_TYPE_ID, COLUMN_NO, NAME, DESCRIPTION, PRELOAD_FIELD_TYPE_ID, REQUIRED, REL_TYPE, ERROR_SEVERITY, LENGTH) VALUES ('41', '2', '37', 'Peso', 'Peso del asegurado en Klgs', '4', '1', '0', '3', '3');
INSERT INTO "LD_PRELOAD_FIELD_DEFINITION" (PRELOAD_FIELD_DEFINITION_ID, PRELOAD_ROW_TYPE_ID, COLUMN_NO, NAME, DESCRIPTION, PRELOAD_FIELD_TYPE_ID, REQUIRED, REL_TYPE, ERROR_SEVERITY, LENGTH) VALUES ('42', '2', '38', 'Talla', 'Estatura del asegurado en cms', '4', '1', '0', '3', '3');

-- Pie campos
INSERT INTO "LD_PRELOAD_FIELD_DEFINITION" (PRELOAD_FIELD_DEFINITION_ID, PRELOAD_ROW_TYPE_ID, COLUMN_NO, NAME, DESCRIPTION, PRELOAD_FIELD_TYPE_ID, REQUIRED, ERROR_SEVERITY, LENGTH) VALUES ('43', '3', '1', 'Tipo Reg', 'Tipo de Registro', '4', '1', '3', '1');
INSERT INTO "LD_PRELOAD_FIELD_DEFINITION" (PRELOAD_FIELD_DEFINITION_ID, PRELOAD_ROW_TYPE_ID, COLUMN_NO, NAME, DESCRIPTION, PRELOAD_FIELD_TYPE_ID, REQUIRED, ERROR_SEVERITY, LENGTH) VALUES ('44', '3', '2', 'Fec Envio', 'Fecha de envio del archivo (YYYYMMDD)', '7', '1', '3', '8');
INSERT INTO "LD_PRELOAD_FIELD_DEFINITION" (PRELOAD_FIELD_DEFINITION_ID, PRELOAD_ROW_TYPE_ID, COLUMN_NO, NAME, DESCRIPTION, PRELOAD_FIELD_TYPE_ID, REQUIRED, ERROR_SEVERITY, LENGTH) VALUES ('45', '3', '3', 'Cod Conv', 'Convenio', '4', '1', '3', '3');
INSERT INTO "LD_PRELOAD_FIELD_DEFINITION" (PRELOAD_FIELD_DEFINITION_ID, PRELOAD_ROW_TYPE_ID, COLUMN_NO, NAME, DESCRIPTION, PRELOAD_FIELD_TYPE_ID, REQUIRED, ERROR_SEVERITY, LENGTH) VALUES ('46', '3', '4', 'Can Detalle', 'Cantidad de registros', '1', '1', '3', '5');
INSERT INTO "LD_PRELOAD_FIELD_DEFINITION" (PRELOAD_FIELD_DEFINITION_ID, PRELOAD_ROW_TYPE_ID, COLUMN_NO, NAME, DESCRIPTION, PRELOAD_FIELD_TYPE_ID, REQUIRED, ERROR_SEVERITY, LENGTH) VALUES ('47', '3', '5', 'Mto_total', 'Sumatoria de las primas anuales', '2', '1', '3', '12');
INSERT INTO "LD_PRELOAD_FIELD_DEFINITION" (PRELOAD_FIELD_DEFINITION_ID, PRELOAD_ROW_TYPE_ID, COLUMN_NO, NAME, DESCRIPTION, PRELOAD_FIELD_TYPE_ID, REQUIRED, ERROR_SEVERITY, LENGTH) VALUES ('48', '3', '6', 'Filler', 'Filler', '7', '1', '3', '30');

commit;


------------------------------
-- DOC-144-CROSS - Fichero 2 -
------------------------------

-- File definition
INSERT INTO "LD_PRELOAD_FILE" (PRELOAD_FILE_ID, PRELOAD_DEFINITION_ID, NAME, DESCRIPTION, FILE_TYPE, FILENAME_FORMAT_REGEX) 
VALUES ('2', '1', 'Relación de propuestas con tipos de personas', 'Archivo con la relación de propuestas con tipos de personas (e.g. pcs20170725_2.txt)', 'TXT','pcs\d{4}\d{2}\d{2}_2.(txt|TXT)');

-- Row types
INSERT INTO "LD_PRELOAD_ROW_TYPE" (PRELOAD_ROW_TYPE_ID, PRELOAD_FILE_ID, NAME, IDENTIFIER_COLUMN_NO, IDENTIFIER_VALUE) VALUES ('4', '2', 'Cabecera (Header)', '1', 'C');
INSERT INTO "LD_PRELOAD_ROW_TYPE" (PRELOAD_ROW_TYPE_ID, PRELOAD_FILE_ID, NAME, IDENTIFIER_COLUMN_NO, IDENTIFIER_VALUE) VALUES ('5', '2', 'Detalle (Detail)', '1', 'D');
INSERT INTO "LD_PRELOAD_ROW_TYPE" (PRELOAD_ROW_TYPE_ID, PRELOAD_FILE_ID, NAME, IDENTIFIER_COLUMN_NO, IDENTIFIER_VALUE) VALUES ('6', '2', 'Pie (Footer)', '1', 'T');

-- Cabecera campos
INSERT INTO "LD_PRELOAD_FIELD_DEFINITION" (PRELOAD_FIELD_DEFINITION_ID, PRELOAD_ROW_TYPE_ID, COLUMN_NO, NAME, DESCRIPTION, PRELOAD_FIELD_TYPE_ID, REQUIRED, ERROR_SEVERITY, LENGTH) VALUES ('50', '4', '1', 'Tipo Reg', 'Tipo de Registro', '4', '1', '3', '1');
INSERT INTO "LD_PRELOAD_FIELD_DEFINITION" (PRELOAD_FIELD_DEFINITION_ID, PRELOAD_ROW_TYPE_ID, COLUMN_NO, NAME, DESCRIPTION, PRELOAD_FIELD_TYPE_ID, REQUIRED, ERROR_SEVERITY, LENGTH) VALUES ('51', '4', '2', 'Fec Envio', 'Fecha de envio del archivo (YYYYMMDD)', '7', '1', '3', '8');
INSERT INTO "LD_PRELOAD_FIELD_DEFINITION" (PRELOAD_FIELD_DEFINITION_ID, PRELOAD_ROW_TYPE_ID, COLUMN_NO, NAME, DESCRIPTION, PRELOAD_FIELD_TYPE_ID, REQUIRED, ERROR_SEVERITY, LENGTH) VALUES ('52', '4', '3', 'Convenio', 'Tipo de convenio BSAN', '4', '1', '3', '3');
INSERT INTO "LD_PRELOAD_FIELD_DEFINITION" (PRELOAD_FIELD_DEFINITION_ID, PRELOAD_ROW_TYPE_ID, COLUMN_NO, NAME, DESCRIPTION, PRELOAD_FIELD_TYPE_ID, REQUIRED, ERROR_SEVERITY, LENGTH) VALUES ('53', '4', '4', 'Filer', 'Filer', '4', '0', '1', '136');

-- Detalle campos
INSERT INTO "LD_PRELOAD_FIELD_DEFINITION" (PRELOAD_FIELD_DEFINITION_ID, PRELOAD_ROW_TYPE_ID, COLUMN_NO, NAME, DESCRIPTION, PRELOAD_FIELD_TYPE_ID, REQUIRED, REL_TYPE, ERROR_SEVERITY, LENGTH) VALUES ('54', '5', '1', 'Tipo Reg', 'Tipo de Registro', '4', '1', '0', '3', '1');
INSERT INTO "LD_PRELOAD_FIELD_DEFINITION" (PRELOAD_FIELD_DEFINITION_ID, PRELOAD_ROW_TYPE_ID, COLUMN_NO, NAME, DESCRIPTION, PRELOAD_FIELD_TYPE_ID, REQUIRED, REL_TYPE, ERROR_SEVERITY, LENGTH) VALUES ('55', '5', '2', 'Fec Envio', 'Fecha de envio del archivo (YYYYMMDD)', '7', '1', '0', '3', '8');
INSERT INTO "LD_PRELOAD_FIELD_DEFINITION" (PRELOAD_FIELD_DEFINITION_ID, PRELOAD_ROW_TYPE_ID, COLUMN_NO, NAME, DESCRIPTION, PRELOAD_FIELD_TYPE_ID, REQUIRED, REL_TYPE, ERROR_SEVERITY, LENGTH) VALUES ('56', '5', '3', 'Cod Ramo', 'Código de Ramo BSAN', '4', '0', '0', '3', '3');
INSERT INTO "LD_PRELOAD_FIELD_DEFINITION" (PRELOAD_FIELD_DEFINITION_ID, PRELOAD_ROW_TYPE_ID, COLUMN_NO, NAME, DESCRIPTION, PRELOAD_FIELD_TYPE_ID, REQUIRED, REL_TYPE, ERROR_SEVERITY, LENGTH) VALUES ('57', '5', '4', 'Cod Linea', 'Código de Linea BSAN', '4', '0', '0', '3', '3');
INSERT INTO "LD_PRELOAD_FIELD_DEFINITION" (PRELOAD_FIELD_DEFINITION_ID, PRELOAD_ROW_TYPE_ID, COLUMN_NO, NAME, DESCRIPTION, PRELOAD_FIELD_TYPE_ID, REQUIRED, REL_TYPE, ERROR_SEVERITY, LENGTH) VALUES ('58', '5', '5', 'Cod Producto', 'Código de Producto BSAN', '4', '0', '0', '3', '3');
INSERT INTO "LD_PRELOAD_FIELD_DEFINITION" (PRELOAD_FIELD_DEFINITION_ID, PRELOAD_ROW_TYPE_ID, COLUMN_NO, NAME, DESCRIPTION, PRELOAD_FIELD_TYPE_ID, REQUIRED, REL_TYPE, ERROR_SEVERITY, LENGTH) VALUES ('59', '5', '6', 'Num. Propuesta', 'Número de Propuesta BSAN', '1', '1', '0', '3', '8');
INSERT INTO "LD_PRELOAD_FIELD_DEFINITION" (PRELOAD_FIELD_DEFINITION_ID, PRELOAD_ROW_TYPE_ID, COLUMN_NO, NAME, DESCRIPTION, PRELOAD_FIELD_TYPE_ID, REQUIRED, REL_TYPE, ERROR_SEVERITY, LENGTH) VALUES ('60', '5', '7', 'Cod Tipo Persona', 'Código tipo de persona', '4', '1', '0', '3', '3');
INSERT INTO "LD_PRELOAD_FIELD_DEFINITION" (PRELOAD_FIELD_DEFINITION_ID, PRELOAD_ROW_TYPE_ID, COLUMN_NO, NAME, DESCRIPTION, PRELOAD_FIELD_TYPE_ID, REQUIRED, REL_TYPE, ERROR_SEVERITY, LENGTH) VALUES ('61', '5', '8', 'Cor Tipo Persona', 'Correlativo por tipo de persona', '1', '1', '0', '3', '2');
INSERT INTO "LD_PRELOAD_FIELD_DEFINITION" (PRELOAD_FIELD_DEFINITION_ID, PRELOAD_ROW_TYPE_ID, COLUMN_NO, NAME, DESCRIPTION, PRELOAD_FIELD_TYPE_ID, REQUIRED, REL_TYPE, ERROR_SEVERITY, LENGTH) VALUES ('62', '5', '9', 'Rut Persona', 'Rut Persona', '1', '0', '0', '3', '10');
INSERT INTO "LD_PRELOAD_FIELD_DEFINITION" (PRELOAD_FIELD_DEFINITION_ID, PRELOAD_ROW_TYPE_ID, COLUMN_NO, NAME, DESCRIPTION, PRELOAD_FIELD_TYPE_ID, REQUIRED, REL_TYPE, ERROR_SEVERITY, LENGTH) VALUES ('63', '5', '10', 'Dig Verificador', 'Dígito verificador persona', '1', '0', '0', '3', '1');
INSERT INTO "LD_PRELOAD_FIELD_DEFINITION" (PRELOAD_FIELD_DEFINITION_ID, PRELOAD_ROW_TYPE_ID, COLUMN_NO, NAME, DESCRIPTION, PRELOAD_FIELD_TYPE_ID, REQUIRED, REL_TYPE, ERROR_SEVERITY, LENGTH) VALUES ('64', '5', '11', 'Cod Relacion', 'Código de relación', '1', '0', '0', '3', '2');

-- Pie campos
INSERT INTO "LD_PRELOAD_FIELD_DEFINITION" (PRELOAD_FIELD_DEFINITION_ID, PRELOAD_ROW_TYPE_ID, COLUMN_NO, NAME, DESCRIPTION, PRELOAD_FIELD_TYPE_ID, REQUIRED, ERROR_SEVERITY, LENGTH) VALUES ('65', '6', '1', 'Tipo Reg', 'Tipo de Registro', '4', '1', '3', '1');
INSERT INTO "LD_PRELOAD_FIELD_DEFINITION" (PRELOAD_FIELD_DEFINITION_ID, PRELOAD_ROW_TYPE_ID, COLUMN_NO, NAME, DESCRIPTION, PRELOAD_FIELD_TYPE_ID, REQUIRED, ERROR_SEVERITY, LENGTH) VALUES ('66', '6', '2', 'Fec Envio', 'Fecha de envio del archivo (YYYYMMDD)', '7', '1', '3', '8');
INSERT INTO "LD_PRELOAD_FIELD_DEFINITION" (PRELOAD_FIELD_DEFINITION_ID, PRELOAD_ROW_TYPE_ID, COLUMN_NO, NAME, DESCRIPTION, PRELOAD_FIELD_TYPE_ID, REQUIRED, ERROR_SEVERITY, LENGTH) VALUES ('67', '6', '3', 'Cod Conv', 'Convenio', '4', '1', '3', '3');
INSERT INTO "LD_PRELOAD_FIELD_DEFINITION" (PRELOAD_FIELD_DEFINITION_ID, PRELOAD_ROW_TYPE_ID, COLUMN_NO, NAME, DESCRIPTION, PRELOAD_FIELD_TYPE_ID, REQUIRED, ERROR_SEVERITY, LENGTH) VALUES ('68', '6', '4', 'Can Detalle', 'Cantidad de registros', '1', '1', '3', '5');
INSERT INTO "LD_PRELOAD_FIELD_DEFINITION" (PRELOAD_FIELD_DEFINITION_ID, PRELOAD_ROW_TYPE_ID, COLUMN_NO, NAME, DESCRIPTION, PRELOAD_FIELD_TYPE_ID, REQUIRED, ERROR_SEVERITY, LENGTH) VALUES ('69', '6', '5', 'Mto_total', 'Sumatoria de las primas anuales', '2', '1', '3', '12');
INSERT INTO "LD_PRELOAD_FIELD_DEFINITION" (PRELOAD_FIELD_DEFINITION_ID, PRELOAD_ROW_TYPE_ID, COLUMN_NO, NAME, DESCRIPTION, PRELOAD_FIELD_TYPE_ID, REQUIRED, ERROR_SEVERITY, LENGTH) VALUES ('70', '6', '6', 'Filler', 'Filler', '7', '1', '3', '30');

commit;



------------------------------
-- DOC-144-CROSS - Fichero 3 -
------------------------------
-- File definition
INSERT INTO "LD_PRELOAD_FILE" (PRELOAD_FILE_ID, PRELOAD_DEFINITION_ID, NAME, DESCRIPTION, FILE_TYPE, FILENAME_FORMAT_REGEX) 
VALUES ('3', '1', 'Beneficiarios, Asegurados Adicionales', 'En este archivo contiene los Beneficiarios, Asegurados Adicionales y/o Grupo Familiar por propuesta, esto dependerá como está definido en el Archivo 2, por la relación con Código tipo de persona. (e.g. pcs20170725_3.txt)', 'TXT','pcs\d{4}\d{2}\d{2}_3.(txt|TXT)');

-- Row types
INSERT INTO "LD_PRELOAD_ROW_TYPE" (PRELOAD_ROW_TYPE_ID, PRELOAD_FILE_ID, NAME, IDENTIFIER_COLUMN_NO, IDENTIFIER_VALUE) VALUES ('7', '3', 'Cabecera (Header)', '1', 'C');
INSERT INTO "LD_PRELOAD_ROW_TYPE" (PRELOAD_ROW_TYPE_ID, PRELOAD_FILE_ID, NAME, IDENTIFIER_COLUMN_NO, IDENTIFIER_VALUE) VALUES ('8', '3', 'Detalle (Detail)', '1', 'D');
INSERT INTO "LD_PRELOAD_ROW_TYPE" (PRELOAD_ROW_TYPE_ID, PRELOAD_FILE_ID, NAME, IDENTIFIER_COLUMN_NO, IDENTIFIER_VALUE) VALUES ('9', '3', 'Pie (Footer)', '1', 'T');

-- Cabecera campos
INSERT INTO "LD_PRELOAD_FIELD_DEFINITION" (PRELOAD_FIELD_DEFINITION_ID, PRELOAD_ROW_TYPE_ID, COLUMN_NO, NAME, DESCRIPTION, PRELOAD_FIELD_TYPE_ID, REQUIRED, ERROR_SEVERITY, LENGTH) VALUES ('100', '7', '1', 'Tipo Reg', 'Tipo de Registro', '4', '1', '3', '1');
INSERT INTO "LD_PRELOAD_FIELD_DEFINITION" (PRELOAD_FIELD_DEFINITION_ID, PRELOAD_ROW_TYPE_ID, COLUMN_NO, NAME, DESCRIPTION, PRELOAD_FIELD_TYPE_ID, REQUIRED, ERROR_SEVERITY, LENGTH) VALUES ('101', '7', '2', 'Fec Envio', 'Fecha de envio del archivo (YYYYMMDD)', '7', '1', '3', '8');
INSERT INTO "LD_PRELOAD_FIELD_DEFINITION" (PRELOAD_FIELD_DEFINITION_ID, PRELOAD_ROW_TYPE_ID, COLUMN_NO, NAME, DESCRIPTION, PRELOAD_FIELD_TYPE_ID, REQUIRED, ERROR_SEVERITY, LENGTH) VALUES ('102', '7', '3', 'Convenio', 'Tipo de convenio BSAN', '4', '1', '3', '3');
INSERT INTO "LD_PRELOAD_FIELD_DEFINITION" (PRELOAD_FIELD_DEFINITION_ID, PRELOAD_ROW_TYPE_ID, COLUMN_NO, NAME, DESCRIPTION, PRELOAD_FIELD_TYPE_ID, REQUIRED, ERROR_SEVERITY, LENGTH) VALUES ('103', '7', '4', 'Filer', 'Filer', '4', '0', '1', '136');

-- Detalle campos
INSERT INTO "LD_PRELOAD_FIELD_DEFINITION" (PRELOAD_FIELD_DEFINITION_ID, PRELOAD_ROW_TYPE_ID, COLUMN_NO, NAME, DESCRIPTION, PRELOAD_FIELD_TYPE_ID, REQUIRED, REL_TYPE, ERROR_SEVERITY, LENGTH) VALUES ('104', '8', '1', 'Tipo Reg', 'Tipo de Registro', '4', '1', '0', '3', '1');
INSERT INTO "LD_PRELOAD_FIELD_DEFINITION" (PRELOAD_FIELD_DEFINITION_ID, PRELOAD_ROW_TYPE_ID, COLUMN_NO, NAME, DESCRIPTION, PRELOAD_FIELD_TYPE_ID, REQUIRED, REL_TYPE, ERROR_SEVERITY, LENGTH) VALUES ('105', '8', '2', 'Fec Envio', 'Fecha de envio del archivo (YYYYMMDD)', '7', '1', '0', '3', '8');
INSERT INTO "LD_PRELOAD_FIELD_DEFINITION" (PRELOAD_FIELD_DEFINITION_ID, PRELOAD_ROW_TYPE_ID, COLUMN_NO, NAME, DESCRIPTION, PRELOAD_FIELD_TYPE_ID, REQUIRED, REL_TYPE, ERROR_SEVERITY, LENGTH) VALUES ('106', '8', '3', 'Cod Ramo', 'Código de Ramo BSAN', '4', '0', '0', '3', '3');
INSERT INTO "LD_PRELOAD_FIELD_DEFINITION" (PRELOAD_FIELD_DEFINITION_ID, PRELOAD_ROW_TYPE_ID, COLUMN_NO, NAME, DESCRIPTION, PRELOAD_FIELD_TYPE_ID, REQUIRED, REL_TYPE, ERROR_SEVERITY, LENGTH) VALUES ('107', '8', '4', 'Cod Linea', 'Código de Linea BSAN', '4', '0', '0', '3', '3');
INSERT INTO "LD_PRELOAD_FIELD_DEFINITION" (PRELOAD_FIELD_DEFINITION_ID, PRELOAD_ROW_TYPE_ID, COLUMN_NO, NAME, DESCRIPTION, PRELOAD_FIELD_TYPE_ID, REQUIRED, REL_TYPE, ERROR_SEVERITY, LENGTH) VALUES ('108', '8', '5', 'Cod Producto', 'Código de Producto BSAN', '4', '0', '0', '3', '3');
INSERT INTO "LD_PRELOAD_FIELD_DEFINITION" (PRELOAD_FIELD_DEFINITION_ID, PRELOAD_ROW_TYPE_ID, COLUMN_NO, NAME, DESCRIPTION, PRELOAD_FIELD_TYPE_ID, REQUIRED, REL_TYPE, ERROR_SEVERITY, LENGTH) VALUES ('109', '8', '6', 'Num. Propuesta', 'Número de Propuesta BSAN', '1', '1', '0', '3', '8');
INSERT INTO "LD_PRELOAD_FIELD_DEFINITION" (PRELOAD_FIELD_DEFINITION_ID, PRELOAD_ROW_TYPE_ID, COLUMN_NO, NAME, DESCRIPTION, PRELOAD_FIELD_TYPE_ID, REQUIRED, REL_TYPE, ERROR_SEVERITY, LENGTH) VALUES ('110', '8', '7', 'Filler', 'Filler', '4', '0', '0', '3', '1');
INSERT INTO "LD_PRELOAD_FIELD_DEFINITION" (PRELOAD_FIELD_DEFINITION_ID, PRELOAD_ROW_TYPE_ID, COLUMN_NO, NAME, DESCRIPTION, PRELOAD_FIELD_TYPE_ID, REQUIRED, REL_TYPE, ERROR_SEVERITY, LENGTH) VALUES ('111', '8', '8', 'Rut_Benef', 'Rut Beneficiario', '4', '1', '0', '3', '9');
INSERT INTO "LD_PRELOAD_FIELD_DEFINITION" (PRELOAD_FIELD_DEFINITION_ID, PRELOAD_ROW_TYPE_ID, COLUMN_NO, NAME, DESCRIPTION, PRELOAD_FIELD_TYPE_ID, REQUIRED, REL_TYPE, ERROR_SEVERITY, LENGTH) VALUES ('112', '8', '9', 'Dig verificador', 'Dígito verificador beneficiario', '4', '1', '0', '3', '1');
INSERT INTO "LD_PRELOAD_FIELD_DEFINITION" (PRELOAD_FIELD_DEFINITION_ID, PRELOAD_ROW_TYPE_ID, COLUMN_NO, NAME, DESCRIPTION, PRELOAD_FIELD_TYPE_ID, REQUIRED, REL_TYPE, ERROR_SEVERITY, LENGTH) VALUES ('113', '8', '10', 'Filler', 'Filler', '4', '0', '0', '3', '3');
INSERT INTO "LD_PRELOAD_FIELD_DEFINITION" (PRELOAD_FIELD_DEFINITION_ID, PRELOAD_ROW_TYPE_ID, COLUMN_NO, NAME, DESCRIPTION, PRELOAD_FIELD_TYPE_ID, REQUIRED, REL_TYPE, ERROR_SEVERITY, LENGTH) VALUES ('114', '8', '11', 'Por. Cobertura', 'Porcentaje de cobertura por beneficiario', '4', '0', '0', '3', '3');
INSERT INTO "LD_PRELOAD_FIELD_DEFINITION" (PRELOAD_FIELD_DEFINITION_ID, PRELOAD_ROW_TYPE_ID, COLUMN_NO, NAME, DESCRIPTION, PRELOAD_FIELD_TYPE_ID, REQUIRED, REL_TYPE, ERROR_SEVERITY, LENGTH) VALUES ('115', '8', '12', 'Filler', 'Filler', '4', '0', '0', '3', '3');
INSERT INTO "LD_PRELOAD_FIELD_DEFINITION" (PRELOAD_FIELD_DEFINITION_ID, PRELOAD_ROW_TYPE_ID, COLUMN_NO, NAME, DESCRIPTION, PRELOAD_FIELD_TYPE_ID, REQUIRED, REL_TYPE, ERROR_SEVERITY, LENGTH) VALUES ('116', '8', '13', 'Cod_Tipobene', 'Código de tipo de beneficiario', '4', '0', '0', '3', '1');

-- Pie campos
INSERT INTO "LD_PRELOAD_FIELD_DEFINITION" (PRELOAD_FIELD_DEFINITION_ID, PRELOAD_ROW_TYPE_ID, COLUMN_NO, NAME, DESCRIPTION, PRELOAD_FIELD_TYPE_ID, REQUIRED, ERROR_SEVERITY, LENGTH) VALUES ('117', '9', '1', 'Tipo Reg', 'Tipo de Registro', '4', '1', '3', '1');
INSERT INTO "LD_PRELOAD_FIELD_DEFINITION" (PRELOAD_FIELD_DEFINITION_ID, PRELOAD_ROW_TYPE_ID, COLUMN_NO, NAME, DESCRIPTION, PRELOAD_FIELD_TYPE_ID, REQUIRED, ERROR_SEVERITY, LENGTH) VALUES ('118', '9', '2', 'Fec Envio', 'Fecha de envio del archivo (YYYYMMDD)', '7', '1', '3', '8');
INSERT INTO "LD_PRELOAD_FIELD_DEFINITION" (PRELOAD_FIELD_DEFINITION_ID, PRELOAD_ROW_TYPE_ID, COLUMN_NO, NAME, DESCRIPTION, PRELOAD_FIELD_TYPE_ID, REQUIRED, ERROR_SEVERITY, LENGTH) VALUES ('119', '9', '3', 'Cod Conv', 'Convenio', '4', '1', '3', '3');
INSERT INTO "LD_PRELOAD_FIELD_DEFINITION" (PRELOAD_FIELD_DEFINITION_ID, PRELOAD_ROW_TYPE_ID, COLUMN_NO, NAME, DESCRIPTION, PRELOAD_FIELD_TYPE_ID, REQUIRED, ERROR_SEVERITY, LENGTH) VALUES ('120', '9', '4', 'Can Detalle', 'Cantidad de registros', '1', '1', '3', '5');
INSERT INTO "LD_PRELOAD_FIELD_DEFINITION" (PRELOAD_FIELD_DEFINITION_ID, PRELOAD_ROW_TYPE_ID, COLUMN_NO, NAME, DESCRIPTION, PRELOAD_FIELD_TYPE_ID, REQUIRED, ERROR_SEVERITY, LENGTH) VALUES ('121', '9', '5', 'Mto_total', 'Sumatoria de las primas anuales', '2', '1', '3', '12');
INSERT INTO "LD_PRELOAD_FIELD_DEFINITION" (PRELOAD_FIELD_DEFINITION_ID, PRELOAD_ROW_TYPE_ID, COLUMN_NO, NAME, DESCRIPTION, PRELOAD_FIELD_TYPE_ID, REQUIRED, ERROR_SEVERITY, LENGTH) VALUES ('122', '9', '6', 'Filler', 'Filler', '7', '1', '3', '30');

commit;



------------------------------
-- DOC-144-CROSS - Fichero 4 -
------------------------------
-- File definition
INSERT INTO "LD_PRELOAD_FILE" (PRELOAD_FILE_ID, PRELOAD_DEFINITION_ID, NAME, DESCRIPTION, FILE_TYPE, FILENAME_FORMAT_REGEX) 
VALUES ('4', '1', 'Datos demográficos de personas', 'Información y datos demográficos de personas (e.g. pcs20170725_4.txt)', 'TXT','pcs\d{4}\d{2}\d{2}_4.(txt|TXT)');

-- Row types
INSERT INTO "LD_PRELOAD_ROW_TYPE" (PRELOAD_ROW_TYPE_ID, PRELOAD_FILE_ID, NAME, IDENTIFIER_COLUMN_NO, IDENTIFIER_VALUE) VALUES ('10', '4', 'Cabecera (Header)', '1', 'C');
INSERT INTO "LD_PRELOAD_ROW_TYPE" (PRELOAD_ROW_TYPE_ID, PRELOAD_FILE_ID, NAME, IDENTIFIER_COLUMN_NO, IDENTIFIER_VALUE) VALUES ('11', '4', 'Detalle (Detail)', '1', 'D');
INSERT INTO "LD_PRELOAD_ROW_TYPE" (PRELOAD_ROW_TYPE_ID, PRELOAD_FILE_ID, NAME, IDENTIFIER_COLUMN_NO, IDENTIFIER_VALUE) VALUES ('12', '4', 'Pie (Footer)', '1', 'T');

-- Cabecera campos
INSERT INTO "LD_PRELOAD_FIELD_DEFINITION" (PRELOAD_FIELD_DEFINITION_ID, PRELOAD_ROW_TYPE_ID, COLUMN_NO, NAME, DESCRIPTION, PRELOAD_FIELD_TYPE_ID, REQUIRED, ERROR_SEVERITY, LENGTH) VALUES ('150', '10', '1', 'Tipo Reg', 'Tipo de Registro', '4', '1', '3', '1');
INSERT INTO "LD_PRELOAD_FIELD_DEFINITION" (PRELOAD_FIELD_DEFINITION_ID, PRELOAD_ROW_TYPE_ID, COLUMN_NO, NAME, DESCRIPTION, PRELOAD_FIELD_TYPE_ID, REQUIRED, ERROR_SEVERITY, LENGTH) VALUES ('151', '10', '2', 'Fec Envio', 'Fecha de envio del archivo (YYYYMMDD)', '7', '1', '3', '8');
INSERT INTO "LD_PRELOAD_FIELD_DEFINITION" (PRELOAD_FIELD_DEFINITION_ID, PRELOAD_ROW_TYPE_ID, COLUMN_NO, NAME, DESCRIPTION, PRELOAD_FIELD_TYPE_ID, REQUIRED, ERROR_SEVERITY, LENGTH) VALUES ('152', '10', '3', 'Convenio', 'Tipo de convenio BSAN', '4', '1', '3', '3');
INSERT INTO "LD_PRELOAD_FIELD_DEFINITION" (PRELOAD_FIELD_DEFINITION_ID, PRELOAD_ROW_TYPE_ID, COLUMN_NO, NAME, DESCRIPTION, PRELOAD_FIELD_TYPE_ID, REQUIRED, ERROR_SEVERITY, LENGTH) VALUES ('153', '10', '4', 'Filer', 'Filer', '4', '0', '1', '136');

-- Detalle campos
INSERT INTO "LD_PRELOAD_FIELD_DEFINITION" (PRELOAD_FIELD_DEFINITION_ID, PRELOAD_ROW_TYPE_ID, COLUMN_NO, NAME, DESCRIPTION, PRELOAD_FIELD_TYPE_ID, REQUIRED, REL_TYPE, ERROR_SEVERITY, LENGTH) VALUES ('154', '11', '1', 'Tipo Reg', 'Tipo de Registro', '4', '1', '0', '3', '1');
INSERT INTO "LD_PRELOAD_FIELD_DEFINITION" (PRELOAD_FIELD_DEFINITION_ID, PRELOAD_ROW_TYPE_ID, COLUMN_NO, NAME, DESCRIPTION, PRELOAD_FIELD_TYPE_ID, REQUIRED, REL_TYPE, ERROR_SEVERITY, LENGTH) VALUES ('155', '11', '2', 'Fec Envio', 'Fecha de envio del archivo (YYYYMMDD)', '7', '1', '0', '3', '8');
INSERT INTO "LD_PRELOAD_FIELD_DEFINITION" (PRELOAD_FIELD_DEFINITION_ID, PRELOAD_ROW_TYPE_ID, COLUMN_NO, NAME, DESCRIPTION, PRELOAD_FIELD_TYPE_ID, REQUIRED, REL_TYPE, ERROR_SEVERITY, LENGTH) VALUES ('156', '11', '3', 'Filler', 'Filler', '4', '1', '0', '3', '2');
INSERT INTO "LD_PRELOAD_FIELD_DEFINITION" (PRELOAD_FIELD_DEFINITION_ID, PRELOAD_ROW_TYPE_ID, COLUMN_NO, NAME, DESCRIPTION, PRELOAD_FIELD_TYPE_ID, REQUIRED, REL_TYPE, ERROR_SEVERITY, LENGTH) VALUES ('157', '11', '4', 'Rut', 'Rut Contratante', '4', '1', '0', '3', '9');
INSERT INTO "LD_PRELOAD_FIELD_DEFINITION" (PRELOAD_FIELD_DEFINITION_ID, PRELOAD_ROW_TYPE_ID, COLUMN_NO, NAME, DESCRIPTION, PRELOAD_FIELD_TYPE_ID, REQUIRED, REL_TYPE, ERROR_SEVERITY, LENGTH) VALUES ('158', '11', '5', 'Filler', 'Filler', '4', '0', '0', '3', '1');
INSERT INTO "LD_PRELOAD_FIELD_DEFINITION" (PRELOAD_FIELD_DEFINITION_ID, PRELOAD_ROW_TYPE_ID, COLUMN_NO, NAME, DESCRIPTION, PRELOAD_FIELD_TYPE_ID, REQUIRED, REL_TYPE, ERROR_SEVERITY, LENGTH) VALUES ('159', '11', '6', 'Ape Paterno', 'Apellido perterno', '4', '1', '0', '3', '20');
INSERT INTO "LD_PRELOAD_FIELD_DEFINITION" (PRELOAD_FIELD_DEFINITION_ID, PRELOAD_ROW_TYPE_ID, COLUMN_NO, NAME, DESCRIPTION, PRELOAD_FIELD_TYPE_ID, REQUIRED, REL_TYPE, ERROR_SEVERITY, LENGTH) VALUES ('160', '11', '7', 'Ape Materno', 'Apellido perterno', '4', '1', '0', '3', '20');
INSERT INTO "LD_PRELOAD_FIELD_DEFINITION" (PRELOAD_FIELD_DEFINITION_ID, PRELOAD_ROW_TYPE_ID, COLUMN_NO, NAME, DESCRIPTION, PRELOAD_FIELD_TYPE_ID, REQUIRED, REL_TYPE, ERROR_SEVERITY, LENGTH) VALUES ('161', '11', '8', 'Nombres', 'Nombre', '4', '1', '0', '3', '25');
INSERT INTO "LD_PRELOAD_FIELD_DEFINITION" (PRELOAD_FIELD_DEFINITION_ID, PRELOAD_ROW_TYPE_ID, COLUMN_NO, NAME, DESCRIPTION, PRELOAD_FIELD_TYPE_ID, REQUIRED, REL_TYPE, ERROR_SEVERITY, LENGTH) VALUES ('162', '11', '9', 'Fec Nacimento', 'Fecha de nacimento', '7', '1', '0', '3', '8');
INSERT INTO "LD_PRELOAD_FIELD_DEFINITION" (PRELOAD_FIELD_DEFINITION_ID, PRELOAD_ROW_TYPE_ID, COLUMN_NO, NAME, DESCRIPTION, PRELOAD_FIELD_TYPE_ID, REQUIRED, REL_TYPE, ERROR_SEVERITY, LENGTH) VALUES ('163', '11', '10', 'Cod sexo', 'Codigo sexo', '4', '1', '0', '3', '1');
INSERT INTO "LD_PRELOAD_FIELD_DEFINITION" (PRELOAD_FIELD_DEFINITION_ID, PRELOAD_ROW_TYPE_ID, COLUMN_NO, NAME, DESCRIPTION, PRELOAD_FIELD_TYPE_ID, REQUIRED, REL_TYPE, ERROR_SEVERITY, LENGTH) VALUES ('164', '11', '11', 'Cod est civil', 'Codigo estado civil', '4', '1', '0', '3', '1');
INSERT INTO "LD_PRELOAD_FIELD_DEFINITION" (PRELOAD_FIELD_DEFINITION_ID, PRELOAD_ROW_TYPE_ID, COLUMN_NO, NAME, DESCRIPTION, PRELOAD_FIELD_TYPE_ID, REQUIRED, REL_TYPE, ERROR_SEVERITY, LENGTH) VALUES ('165', '11', '12', 'Fono', 'Telefono contacto', '4', '1', '0', '3', '20');
INSERT INTO "LD_PRELOAD_FIELD_DEFINITION" (PRELOAD_FIELD_DEFINITION_ID, PRELOAD_ROW_TYPE_ID, COLUMN_NO, NAME, DESCRIPTION, PRELOAD_FIELD_TYPE_ID, REQUIRED, REL_TYPE, ERROR_SEVERITY, LENGTH) VALUES ('166', '11', '13', 'Cod Ciudad', 'Codigo de ciudad', '4', '1', '0', '3', '5');
INSERT INTO "LD_PRELOAD_FIELD_DEFINITION" (PRELOAD_FIELD_DEFINITION_ID, PRELOAD_ROW_TYPE_ID, COLUMN_NO, NAME, DESCRIPTION, PRELOAD_FIELD_TYPE_ID, REQUIRED, REL_TYPE, ERROR_SEVERITY, LENGTH) VALUES ('167', '11', '14', 'Cod Comuna', 'Codigo de comuna', '4', '1', '0', '3', '5');
INSERT INTO "LD_PRELOAD_FIELD_DEFINITION" (PRELOAD_FIELD_DEFINITION_ID, PRELOAD_ROW_TYPE_ID, COLUMN_NO, NAME, DESCRIPTION, PRELOAD_FIELD_TYPE_ID, REQUIRED, REL_TYPE, ERROR_SEVERITY, LENGTH) VALUES ('168', '11', '15', 'Direccion', 'Direccion', '4', '1', '0', '3', '80');
INSERT INTO "LD_PRELOAD_FIELD_DEFINITION" (PRELOAD_FIELD_DEFINITION_ID, PRELOAD_ROW_TYPE_ID, COLUMN_NO, NAME, DESCRIPTION, PRELOAD_FIELD_TYPE_ID, REQUIRED, REL_TYPE, ERROR_SEVERITY, LENGTH) VALUES ('169', '11', '16', 'Rta_mes', 'Renta mensual', '1', '0', '0', '3', '12');

-- Pie campos
INSERT INTO "LD_PRELOAD_FIELD_DEFINITION" (PRELOAD_FIELD_DEFINITION_ID, PRELOAD_ROW_TYPE_ID, COLUMN_NO, NAME, DESCRIPTION, PRELOAD_FIELD_TYPE_ID, REQUIRED, ERROR_SEVERITY, LENGTH) VALUES ('170', '12', '1', 'Tipo Reg', 'Tipo de Registro', '4', '1', '3', '1');
INSERT INTO "LD_PRELOAD_FIELD_DEFINITION" (PRELOAD_FIELD_DEFINITION_ID, PRELOAD_ROW_TYPE_ID, COLUMN_NO, NAME, DESCRIPTION, PRELOAD_FIELD_TYPE_ID, REQUIRED, ERROR_SEVERITY, LENGTH) VALUES ('171', '12', '2', 'Fec Envio', 'Fecha de envio del archivo (YYYYMMDD)', '7', '1', '3', '8');
INSERT INTO "LD_PRELOAD_FIELD_DEFINITION" (PRELOAD_FIELD_DEFINITION_ID, PRELOAD_ROW_TYPE_ID, COLUMN_NO, NAME, DESCRIPTION, PRELOAD_FIELD_TYPE_ID, REQUIRED, ERROR_SEVERITY, LENGTH) VALUES ('172', '12', '3', 'Cod Conv', 'Convenio', '4', '1', '3', '3');
INSERT INTO "LD_PRELOAD_FIELD_DEFINITION" (PRELOAD_FIELD_DEFINITION_ID, PRELOAD_ROW_TYPE_ID, COLUMN_NO, NAME, DESCRIPTION, PRELOAD_FIELD_TYPE_ID, REQUIRED, ERROR_SEVERITY, LENGTH) VALUES ('173', '12', '4', 'Can Detalle', 'Cantidad de registros', '1', '1', '3', '5');
INSERT INTO "LD_PRELOAD_FIELD_DEFINITION" (PRELOAD_FIELD_DEFINITION_ID, PRELOAD_ROW_TYPE_ID, COLUMN_NO, NAME, DESCRIPTION, PRELOAD_FIELD_TYPE_ID, REQUIRED, ERROR_SEVERITY, LENGTH) VALUES ('174', '12', '5', 'Mto_total', 'Sumatoria de las primas anuales', '2', '1', '3', '12');
INSERT INTO "LD_PRELOAD_FIELD_DEFINITION" (PRELOAD_FIELD_DEFINITION_ID, PRELOAD_ROW_TYPE_ID, COLUMN_NO, NAME, DESCRIPTION, PRELOAD_FIELD_TYPE_ID, REQUIRED, ERROR_SEVERITY, LENGTH) VALUES ('175', '12', '6', 'Filler', 'Filler', '7', '1', '3', '30');

commit;


------------------------------
-- DOC-144-CROSS - Fichero 5 -
------------------------------
-- File definition
INSERT INTO "LD_PRELOAD_FILE" (PRELOAD_FILE_ID, PRELOAD_DEFINITION_ID, NAME, DESCRIPTION, FILE_TYPE, FILENAME_FORMAT_REGEX) 
VALUES ('5', '1', 'Seguros de Vida viene con registro de Encabezado', 'El Fichero 5 para Seguros de Vida viene sin información, sólo viene con registro de Encabezado y Pie. (e.g. pcs20170725_5.txt)', 'TXT','pcs\d{4}\d{2}\d{2}_5.(txt|TXT)');

-- Row types
INSERT INTO "LD_PRELOAD_ROW_TYPE" (PRELOAD_ROW_TYPE_ID, PRELOAD_FILE_ID, NAME, IDENTIFIER_COLUMN_NO, IDENTIFIER_VALUE) VALUES ('13', '5', 'Cabecera (Header)', '1', 'C');
INSERT INTO "LD_PRELOAD_ROW_TYPE" (PRELOAD_ROW_TYPE_ID, PRELOAD_FILE_ID, NAME, IDENTIFIER_COLUMN_NO, IDENTIFIER_VALUE) VALUES ('14', '5', 'Detalle (Detail)', '1', 'D');

-- Cabecera campos
INSERT INTO "LD_PRELOAD_FIELD_DEFINITION" (PRELOAD_FIELD_DEFINITION_ID, PRELOAD_ROW_TYPE_ID, COLUMN_NO, NAME, DESCRIPTION, PRELOAD_FIELD_TYPE_ID, REQUIRED, ERROR_SEVERITY, LENGTH) VALUES ('200', '13', '1', 'Tipo Reg', 'Tipo de Registro', '4', '1', '3', '1');
INSERT INTO "LD_PRELOAD_FIELD_DEFINITION" (PRELOAD_FIELD_DEFINITION_ID, PRELOAD_ROW_TYPE_ID, COLUMN_NO, NAME, DESCRIPTION, PRELOAD_FIELD_TYPE_ID, REQUIRED, ERROR_SEVERITY, LENGTH) VALUES ('201', '13', '2', 'Fec Envio', 'Fecha de envio del archivo (YYYYMMDD)', '7', '1', '3', '8');
INSERT INTO "LD_PRELOAD_FIELD_DEFINITION" (PRELOAD_FIELD_DEFINITION_ID, PRELOAD_ROW_TYPE_ID, COLUMN_NO, NAME, DESCRIPTION, PRELOAD_FIELD_TYPE_ID, REQUIRED, ERROR_SEVERITY, LENGTH) VALUES ('202', '13', '3', 'Convenio', 'Tipo de convenio BSAN', '4', '1', '3', '3');
INSERT INTO "LD_PRELOAD_FIELD_DEFINITION" (PRELOAD_FIELD_DEFINITION_ID, PRELOAD_ROW_TYPE_ID, COLUMN_NO, NAME, DESCRIPTION, PRELOAD_FIELD_TYPE_ID, REQUIRED, ERROR_SEVERITY, LENGTH) VALUES ('203', '13', '4', 'Filer', 'Filer', '4', '0', '1', '136');

-- Detalle campos
INSERT INTO "LD_PRELOAD_FIELD_DEFINITION" (PRELOAD_FIELD_DEFINITION_ID, PRELOAD_ROW_TYPE_ID, COLUMN_NO, NAME, DESCRIPTION, PRELOAD_FIELD_TYPE_ID, REQUIRED, REL_TYPE, ERROR_SEVERITY, LENGTH) VALUES ('204', '14', '1', 'Tipo Reg', 'Tipo de Registro', '4', '1', '0', '3', '1');
INSERT INTO "LD_PRELOAD_FIELD_DEFINITION" (PRELOAD_FIELD_DEFINITION_ID, PRELOAD_ROW_TYPE_ID, COLUMN_NO, NAME, DESCRIPTION, PRELOAD_FIELD_TYPE_ID, REQUIRED, REL_TYPE, ERROR_SEVERITY, LENGTH) VALUES ('205', '14', '2', 'Fec Envio', 'Fecha de envio del archivo (YYYYMMDD)', '7', '1', '0', '3', '8');
INSERT INTO "LD_PRELOAD_FIELD_DEFINITION" (PRELOAD_FIELD_DEFINITION_ID, PRELOAD_ROW_TYPE_ID, COLUMN_NO, NAME, DESCRIPTION, PRELOAD_FIELD_TYPE_ID, REQUIRED, REL_TYPE, ERROR_SEVERITY, LENGTH) VALUES ('206', '14', '3', 'Cod_Conv', 'Convenio', '4', '1', '0', '3', '3');
INSERT INTO "LD_PRELOAD_FIELD_DEFINITION" (PRELOAD_FIELD_DEFINITION_ID, PRELOAD_ROW_TYPE_ID, COLUMN_NO, NAME, DESCRIPTION, PRELOAD_FIELD_TYPE_ID, REQUIRED, REL_TYPE, ERROR_SEVERITY, LENGTH) VALUES ('207', '14', '4', 'Cod_Detalle', 'Cantidad de registros', '1', '1', '0', '3', '5');
INSERT INTO "LD_PRELOAD_FIELD_DEFINITION" (PRELOAD_FIELD_DEFINITION_ID, PRELOAD_ROW_TYPE_ID, COLUMN_NO, NAME, DESCRIPTION, PRELOAD_FIELD_TYPE_ID, REQUIRED, REL_TYPE, ERROR_SEVERITY, LENGTH) VALUES ('208', '14', '5', 'Mto_total', 'Sumatoria de las primas anuales', '3', '1', '0', '3', '12');
INSERT INTO "LD_PRELOAD_FIELD_DEFINITION" (PRELOAD_FIELD_DEFINITION_ID, PRELOAD_ROW_TYPE_ID, COLUMN_NO, NAME, DESCRIPTION, PRELOAD_FIELD_TYPE_ID, REQUIRED, REL_TYPE, ERROR_SEVERITY, LENGTH) VALUES ('209', '14', '6', 'Filler', 'Filler', '4', '0', '0', '3', '30');

commit;






-------------------------------------------
-- DOC-155-CROSS CARGA VENTAS VIDA WEB v2 -
-------------------------------------------

-- Delete the pervious version of the load definition. (THIS IS A CASADE DETELE!!!!!!)
DELETE FROM "LD_PRELOAD_DEFINITION" WHERE PRELOAD_DEFINITION_ID = 2;

-- Create the new preload definition.
INSERT INTO "LD_PRELOAD_DEFINITION" (PRELOAD_DEFINITION_ID, PRELOAD_DEFINITION_GROUP_ID, NAME, MAX_PRELOAD_LOW_ERRORS, MAX_PRELOAD_MEDIUM_ERRORS, MAX_PRELOAD_HIGH_ERRORS, LOAD_IF_PRELOAD_OK) VALUES ('2', '1', 'CARGA VENTAS VIDA WEB v2', '10', '5', '0', '0');



------------------------------------------------------
-- DOC-155-CROSS CARGA VENTAS VIDA WEB v2- Fichero 1 -
------------------------------------------------------
-- File definition
INSERT INTO "LD_PRELOAD_FILE" (PRELOAD_FILE_ID, PRELOAD_DEFINITION_ID, NAME, DESCRIPTION, FILE_TYPE, FILENAME_FORMAT_REGEX) 
VALUES ('6', '2', 'Información general de las ventas', 'Archivo con información general de las ventas (propuestas) (e.g. PcsWeb20_20170802_1.txt)', 'TXT','PcsWeb20_\d{4}\d{2}\d{2}_1.(txt|TXT)');

-- Row types
INSERT INTO "LD_PRELOAD_ROW_TYPE" (PRELOAD_ROW_TYPE_ID, PRELOAD_FILE_ID, NAME, IDENTIFIER_COLUMN_NO, IDENTIFIER_VALUE) VALUES ('20', '6', 'Cabecera (Header)', '1', 'C');
INSERT INTO "LD_PRELOAD_ROW_TYPE" (PRELOAD_ROW_TYPE_ID, PRELOAD_FILE_ID, NAME, IDENTIFIER_COLUMN_NO, IDENTIFIER_VALUE) VALUES ('21', '6', 'Detalle (Detail)', '1', 'D');
INSERT INTO "LD_PRELOAD_ROW_TYPE" (PRELOAD_ROW_TYPE_ID, PRELOAD_FILE_ID, NAME, IDENTIFIER_COLUMN_NO, IDENTIFIER_VALUE) VALUES ('22', '6', 'Pie (Footer)', '1', 'T');

-- Cabecera campos
INSERT INTO "LD_PRELOAD_FIELD_DEFINITION" (PRELOAD_FIELD_DEFINITION_ID, PRELOAD_ROW_TYPE_ID, COLUMN_NO, NAME, DESCRIPTION, PRELOAD_FIELD_TYPE_ID, REQUIRED, ERROR_SEVERITY, LENGTH) VALUES ('500', '20', '1', 'Tipo Reg', 'Tipo de Registro', '4', '1', '3', '1');
INSERT INTO "LD_PRELOAD_FIELD_DEFINITION" (PRELOAD_FIELD_DEFINITION_ID, PRELOAD_ROW_TYPE_ID, COLUMN_NO, NAME, DESCRIPTION, PRELOAD_FIELD_TYPE_ID, REQUIRED, ERROR_SEVERITY, LENGTH) VALUES ('501', '20', '2', 'Fec Envio', 'Fecha de envio del archivo (YYYYMMDD)', '7', '1', '3', '8');
INSERT INTO "LD_PRELOAD_FIELD_DEFINITION" (PRELOAD_FIELD_DEFINITION_ID, PRELOAD_ROW_TYPE_ID, COLUMN_NO, NAME, DESCRIPTION, PRELOAD_FIELD_TYPE_ID, REQUIRED, ERROR_SEVERITY, LENGTH) VALUES ('502', '20', '3', 'Convenio', 'Tipo de convenio BSAN', '4', '1', '3', '3');
INSERT INTO "LD_PRELOAD_FIELD_DEFINITION" (PRELOAD_FIELD_DEFINITION_ID, PRELOAD_ROW_TYPE_ID, COLUMN_NO, NAME, DESCRIPTION, PRELOAD_FIELD_TYPE_ID, REQUIRED, ERROR_SEVERITY, LENGTH) VALUES ('503', '20', '4', 'Filer', 'Filer', '4', '0', '1', '136');

-- Detalle campos
INSERT INTO "LD_PRELOAD_FIELD_DEFINITION" (PRELOAD_FIELD_DEFINITION_ID, PRELOAD_ROW_TYPE_ID, COLUMN_NO, NAME, DESCRIPTION, PRELOAD_FIELD_TYPE_ID, REQUIRED, REL_TYPE, ERROR_SEVERITY, LENGTH) VALUES ('504', '21', '1', 'Tipo Reg', 'Tipo de Registro', '4', '1', '0', '3', '1');
INSERT INTO "LD_PRELOAD_FIELD_DEFINITION" (PRELOAD_FIELD_DEFINITION_ID, PRELOAD_ROW_TYPE_ID, COLUMN_NO, NAME, DESCRIPTION, PRELOAD_FIELD_TYPE_ID, REQUIRED, REL_TYPE, ERROR_SEVERITY, LENGTH) VALUES ('505', '21', '2', 'Fec Envio', 'Fecha de envio del archivo (YYYYMMDD)', '7', '1', '0', '3', '8');
INSERT INTO "LD_PRELOAD_FIELD_DEFINITION" (PRELOAD_FIELD_DEFINITION_ID, PRELOAD_ROW_TYPE_ID, COLUMN_NO, NAME, DESCRIPTION, PRELOAD_FIELD_TYPE_ID, REQUIRED, REL_TYPE, ERROR_SEVERITY, LENGTH) VALUES ('506', '21', '3', 'Cod. Conv.', 'Tipo de convenio BSAN', '4', '1', '0', '3', '3');
INSERT INTO "LD_PRELOAD_FIELD_DEFINITION" (PRELOAD_FIELD_DEFINITION_ID, PRELOAD_ROW_TYPE_ID, COLUMN_NO, NAME, DESCRIPTION, PRELOAD_FIELD_TYPE_ID, REQUIRED, REL_TYPE, ERROR_SEVERITY, LENGTH) VALUES ('507', '21', '4', 'Tipo Trans.', 'Codigo de envio BSAN', '4', '1', '0', '3', '6');
INSERT INTO "LD_PRELOAD_FIELD_DEFINITION" (PRELOAD_FIELD_DEFINITION_ID, PRELOAD_ROW_TYPE_ID, COLUMN_NO, NAME, DESCRIPTION, PRELOAD_FIELD_TYPE_ID, REQUIRED, REL_TYPE, ERROR_SEVERITY, LENGTH) VALUES ('508', '21', '5', 'Cod Ramo', 'Codigo de Ramo BSAN', '4', '1', '0', '3', '3');
INSERT INTO "LD_PRELOAD_FIELD_DEFINITION" (PRELOAD_FIELD_DEFINITION_ID, PRELOAD_ROW_TYPE_ID, COLUMN_NO, NAME, DESCRIPTION, PRELOAD_FIELD_TYPE_ID, REQUIRED, REL_TYPE, ERROR_SEVERITY, LENGTH) VALUES ('509', '21', '6', 'Cod Linea', 'Codigo de Linea BSAN', '4', '1', '0', '3', '3');
INSERT INTO "LD_PRELOAD_FIELD_DEFINITION" (PRELOAD_FIELD_DEFINITION_ID, PRELOAD_ROW_TYPE_ID, COLUMN_NO, NAME, DESCRIPTION, PRELOAD_FIELD_TYPE_ID, REQUIRED, REL_TYPE, ERROR_SEVERITY, LENGTH) VALUES ('510', '21', '7', 'Cod Producto', 'Codigo de Producto BSAN', '4', '1', '0', '3', '3');
INSERT INTO "LD_PRELOAD_FIELD_DEFINITION" (PRELOAD_FIELD_DEFINITION_ID, PRELOAD_ROW_TYPE_ID, COLUMN_NO, NAME, DESCRIPTION, PRELOAD_FIELD_TYPE_ID, REQUIRED, REL_TYPE, ERROR_SEVERITY, LENGTH) VALUES ('511', '21', '8', 'Num Propuesta', 'Codigo de Propuesta BSAN', '1', '1', '0', '3', '8');
INSERT INTO "LD_PRELOAD_FIELD_DEFINITION" (PRELOAD_FIELD_DEFINITION_ID, PRELOAD_ROW_TYPE_ID, COLUMN_NO, NAME, DESCRIPTION, PRELOAD_FIELD_TYPE_ID, REQUIRED, REL_TYPE, ERROR_SEVERITY, LENGTH) VALUES ('512', '21', '9', 'Num. Poliza', 'Numero de poliza', '1', '1', '0', '3', '12');
INSERT INTO "LD_PRELOAD_FIELD_DEFINITION" (PRELOAD_FIELD_DEFINITION_ID, PRELOAD_ROW_TYPE_ID, COLUMN_NO, NAME, DESCRIPTION, PRELOAD_FIELD_TYPE_ID, REQUIRED, REL_TYPE, ERROR_SEVERITY, LENGTH) VALUES ('513', '21', '10', 'Cod Plan', 'Codigo de plan', '4', '1', '0', '3', '3');
INSERT INTO "LD_PRELOAD_FIELD_DEFINITION" (PRELOAD_FIELD_DEFINITION_ID, PRELOAD_ROW_TYPE_ID, COLUMN_NO, NAME, DESCRIPTION, PRELOAD_FIELD_TYPE_ID, REQUIRED, REL_TYPE, ERROR_SEVERITY, LENGTH) VALUES ('514', '21', '11', 'Fec Venta', 'Fech de venta (YYYYMMDD)', '7', '1', '0', '3', '8');
INSERT INTO "LD_PRELOAD_FIELD_DEFINITION" (PRELOAD_FIELD_DEFINITION_ID, PRELOAD_ROW_TYPE_ID, COLUMN_NO, NAME, DESCRIPTION, PRELOAD_FIELD_TYPE_ID, REQUIRED, REL_TYPE, ERROR_SEVERITY, LENGTH) VALUES ('515', '21', '12', 'Cod Moneda', 'Código de moneda', '4', '1', '0', '3', '3');
INSERT INTO "LD_PRELOAD_FIELD_DEFINITION" (PRELOAD_FIELD_DEFINITION_ID, PRELOAD_ROW_TYPE_ID, COLUMN_NO, NAME, DESCRIPTION, PRELOAD_FIELD_TYPE_ID, REQUIRED, REL_TYPE, ERROR_SEVERITY, LENGTH) VALUES ('516', '21', '13', 'Prima_Cuota', 'Prima cuota', '3', '1', '0', '3', '12');
INSERT INTO "LD_PRELOAD_FIELD_DEFINITION" (PRELOAD_FIELD_DEFINITION_ID, PRELOAD_ROW_TYPE_ID, COLUMN_NO, NAME, DESCRIPTION, PRELOAD_FIELD_TYPE_ID, REQUIRED, REL_TYPE, ERROR_SEVERITY, LENGTH) VALUES ('517', '21', '14', 'Prima_Total', 'Prima total', '3', '1', '0', '3', '12');
INSERT INTO "LD_PRELOAD_FIELD_DEFINITION" (PRELOAD_FIELD_DEFINITION_ID, PRELOAD_ROW_TYPE_ID, COLUMN_NO, NAME, DESCRIPTION, PRELOAD_FIELD_TYPE_ID, REQUIRED, REL_TYPE, ERROR_SEVERITY, LENGTH) VALUES ('518', '21', '15', 'Cod Frec. Pago', 'Periodicidad de pago', '1', '1', '0', '3', '1');
INSERT INTO "LD_PRELOAD_FIELD_DEFINITION" (PRELOAD_FIELD_DEFINITION_ID, PRELOAD_ROW_TYPE_ID, COLUMN_NO, NAME, DESCRIPTION, PRELOAD_FIELD_TYPE_ID, REQUIRED, REL_TYPE, ERROR_SEVERITY, LENGTH) VALUES ('519', '21', '16', 'Cod Banco/Tarjeta', 'Tipo de pago Cta Cte o Tarjeta de credito', '1', '1', '0', '3', '3');
INSERT INTO "LD_PRELOAD_FIELD_DEFINITION" (PRELOAD_FIELD_DEFINITION_ID, PRELOAD_ROW_TYPE_ID, COLUMN_NO, NAME, DESCRIPTION, PRELOAD_FIELD_TYPE_ID, REQUIRED, REL_TYPE, ERROR_SEVERITY, LENGTH) VALUES ('520', '21', '17', 'Num Med Pago', 'Número del Medio de pago Ctacte o Tarjeta', '1', '1', '0', '3', '20');
INSERT INTO "LD_PRELOAD_FIELD_DEFINITION" (PRELOAD_FIELD_DEFINITION_ID, PRELOAD_ROW_TYPE_ID, COLUMN_NO, NAME, DESCRIPTION, PRELOAD_FIELD_TYPE_ID, REQUIRED, REL_TYPE, ERROR_SEVERITY, LENGTH) VALUES ('521', '21', '18', 'Cod Sucursal', 'Código Sucursa', '4', '1', '0', '3', '5');
INSERT INTO "LD_PRELOAD_FIELD_DEFINITION" (PRELOAD_FIELD_DEFINITION_ID, PRELOAD_ROW_TYPE_ID, COLUMN_NO, NAME, DESCRIPTION, PRELOAD_FIELD_TYPE_ID, REQUIRED, REL_TYPE, ERROR_SEVERITY, LENGTH) VALUES ('522', '21', '19', 'Cod Via Contacto', 'Codigo de contacto de venta', '4', '1', '0', '3', '3');
INSERT INTO "LD_PRELOAD_FIELD_DEFINITION" (PRELOAD_FIELD_DEFINITION_ID, PRELOAD_ROW_TYPE_ID, COLUMN_NO, NAME, DESCRIPTION, PRELOAD_FIELD_TYPE_ID, REQUIRED, REL_TYPE, ERROR_SEVERITY, LENGTH) VALUES ('523', '21', '20', 'Filler', 'Filler', '4', '1', '0', '3', '3');
INSERT INTO "LD_PRELOAD_FIELD_DEFINITION" (PRELOAD_FIELD_DEFINITION_ID, PRELOAD_ROW_TYPE_ID, COLUMN_NO, NAME, DESCRIPTION, PRELOAD_FIELD_TYPE_ID, REQUIRED, REL_TYPE, ERROR_SEVERITY, LENGTH) VALUES ('524', '21', '21', 'Rut_Eje', 'Rut Ejecutivo', '4', '1', '0', '3', '8');
INSERT INTO "LD_PRELOAD_FIELD_DEFINITION" (PRELOAD_FIELD_DEFINITION_ID, PRELOAD_ROW_TYPE_ID, COLUMN_NO, NAME, DESCRIPTION, PRELOAD_FIELD_TYPE_ID, REQUIRED, REL_TYPE, ERROR_SEVERITY, LENGTH) VALUES ('525', '21', '22', 'Dv_Eje', 'Dv_Eje', '4', '1', '0', '3', '1');
INSERT INTO "LD_PRELOAD_FIELD_DEFINITION" (PRELOAD_FIELD_DEFINITION_ID, PRELOAD_ROW_TYPE_ID, COLUMN_NO, NAME, DESCRIPTION, PRELOAD_FIELD_TYPE_ID, REQUIRED, REL_TYPE, ERROR_SEVERITY, LENGTH) VALUES ('526', '21', '23', 'Filler', 'Filler', '4', '1', '0', '3', '12');
INSERT INTO "LD_PRELOAD_FIELD_DEFINITION" (PRELOAD_FIELD_DEFINITION_ID, PRELOAD_ROW_TYPE_ID, COLUMN_NO, NAME, DESCRIPTION, PRELOAD_FIELD_TYPE_ID, REQUIRED, REL_TYPE, ERROR_SEVERITY, LENGTH) VALUES ('527', '21', '24', 'CodEstado', 'Código de estado', '4', '1', '0', '3', '3');
INSERT INTO "LD_PRELOAD_FIELD_DEFINITION" (PRELOAD_FIELD_DEFINITION_ID, PRELOAD_ROW_TYPE_ID, COLUMN_NO, NAME, DESCRIPTION, PRELOAD_FIELD_TYPE_ID, REQUIRED, REL_TYPE, ERROR_SEVERITY, LENGTH) VALUES ('528', '21', '25', 'Cod Dia Pago', 'Código día de pago', '4', '1', '0', '3', '3');
INSERT INTO "LD_PRELOAD_FIELD_DEFINITION" (PRELOAD_FIELD_DEFINITION_ID, PRELOAD_ROW_TYPE_ID, COLUMN_NO, NAME, DESCRIPTION, PRELOAD_FIELD_TYPE_ID, REQUIRED, REL_TYPE, ERROR_SEVERITY, LENGTH) VALUES ('529', '21', '26', 'Cod Via Contacto', 'Idem al anterior esta duplicado', '4', '1', '0', '3', '4');
INSERT INTO "LD_PRELOAD_FIELD_DEFINITION" (PRELOAD_FIELD_DEFINITION_ID, PRELOAD_ROW_TYPE_ID, COLUMN_NO, NAME, DESCRIPTION, PRELOAD_FIELD_TYPE_ID, REQUIRED, REL_TYPE, ERROR_SEVERITY, LENGTH) VALUES ('530', '21', '27', 'Cod Fuente', 'Origen de la venta', '4', '1', '0', '3', '3');
INSERT INTO "LD_PRELOAD_FIELD_DEFINITION" (PRELOAD_FIELD_DEFINITION_ID, PRELOAD_ROW_TYPE_ID, COLUMN_NO, NAME, DESCRIPTION, PRELOAD_FIELD_TYPE_ID, REQUIRED, REL_TYPE, ERROR_SEVERITY, LENGTH) VALUES ('531', '21', '28', 'Nom Eje', 'Nombre ejecutivo', '4', '1', '0', '3', '30');
INSERT INTO "LD_PRELOAD_FIELD_DEFINITION" (PRELOAD_FIELD_DEFINITION_ID, PRELOAD_ROW_TYPE_ID, COLUMN_NO, NAME, DESCRIPTION, PRELOAD_FIELD_TYPE_ID, REQUIRED, REL_TYPE, ERROR_SEVERITY, LENGTH) VALUES ('532', '21', '29', 'Cod Med Pago', 'Código medio de pago', '4', '1', '0', '3', '1');
INSERT INTO "LD_PRELOAD_FIELD_DEFINITION" (PRELOAD_FIELD_DEFINITION_ID, PRELOAD_ROW_TYPE_ID, COLUMN_NO, NAME, DESCRIPTION, PRELOAD_FIELD_TYPE_ID, REQUIRED, REL_TYPE, ERROR_SEVERITY, LENGTH) VALUES ('533', '21', '30', 'Fec Vige', 'Fecha de vigencia productos viaje', '7', '1', '0', '3', '8');
INSERT INTO "LD_PRELOAD_FIELD_DEFINITION" (PRELOAD_FIELD_DEFINITION_ID, PRELOAD_ROW_TYPE_ID, COLUMN_NO, NAME, DESCRIPTION, PRELOAD_FIELD_TYPE_ID, REQUIRED, REL_TYPE, ERROR_SEVERITY, LENGTH) VALUES ('534', '21', '31', 'Emite Kit', 'Flag que indica si emite o no Kit', '4', '1', '0', '3', '1');
INSERT INTO "LD_PRELOAD_FIELD_DEFINITION" (PRELOAD_FIELD_DEFINITION_ID, PRELOAD_ROW_TYPE_ID, COLUMN_NO, NAME, DESCRIPTION, PRELOAD_FIELD_TYPE_ID, REQUIRED, REL_TYPE, ERROR_SEVERITY, LENGTH) VALUES ('535', '21', '32', 'Super Clave', 'Super Clave', '4', '1', '0', '3', '13');
INSERT INTO "LD_PRELOAD_FIELD_DEFINITION" (PRELOAD_FIELD_DEFINITION_ID, PRELOAD_ROW_TYPE_ID, COLUMN_NO, NAME, DESCRIPTION, PRELOAD_FIELD_TYPE_ID, REQUIRED, REL_TYPE, ERROR_SEVERITY, LENGTH) VALUES ('536', '21', '33', 'Dps Sucia', 'Flag que indica si DPS esta con información para evaluar', '4', '1', '0', '3', '1');
INSERT INTO "LD_PRELOAD_FIELD_DEFINITION" (PRELOAD_FIELD_DEFINITION_ID, PRELOAD_ROW_TYPE_ID, COLUMN_NO, NAME, DESCRIPTION, PRELOAD_FIELD_TYPE_ID, REQUIRED, REL_TYPE, ERROR_SEVERITY, LENGTH) VALUES ('537', '21', '34', 'Filler', 'Filler', '4', '0', '0', '3', '1');
INSERT INTO "LD_PRELOAD_FIELD_DEFINITION" (PRELOAD_FIELD_DEFINITION_ID, PRELOAD_ROW_TYPE_ID, COLUMN_NO, NAME, DESCRIPTION, PRELOAD_FIELD_TYPE_ID, REQUIRED, REL_TYPE, ERROR_SEVERITY, LENGTH) VALUES ('538', '21', '35', 'Declara', 'Declaración de Salud del cliente', '4', '1', '0', '3', '100');
INSERT INTO "LD_PRELOAD_FIELD_DEFINITION" (PRELOAD_FIELD_DEFINITION_ID, PRELOAD_ROW_TYPE_ID, COLUMN_NO, NAME, DESCRIPTION, PRELOAD_FIELD_TYPE_ID, REQUIRED, REL_TYPE, ERROR_SEVERITY, LENGTH) VALUES ('539', '21', '36', 'Filler', 'Filler', '4', '0', '0', '3', '155');
INSERT INTO "LD_PRELOAD_FIELD_DEFINITION" (PRELOAD_FIELD_DEFINITION_ID, PRELOAD_ROW_TYPE_ID, COLUMN_NO, NAME, DESCRIPTION, PRELOAD_FIELD_TYPE_ID, REQUIRED, REL_TYPE, ERROR_SEVERITY, LENGTH) VALUES ('540', '21', '37', 'Peso', 'Peso del asegurado en Klgs', '4', '1', '0', '3', '3');
INSERT INTO "LD_PRELOAD_FIELD_DEFINITION" (PRELOAD_FIELD_DEFINITION_ID, PRELOAD_ROW_TYPE_ID, COLUMN_NO, NAME, DESCRIPTION, PRELOAD_FIELD_TYPE_ID, REQUIRED, REL_TYPE, ERROR_SEVERITY, LENGTH) VALUES ('541', '21', '38', 'Talla', 'Estatura del asegurado en cms', '4', '1', '0', '3', '3');
INSERT INTO "LD_PRELOAD_FIELD_DEFINITION" (PRELOAD_FIELD_DEFINITION_ID, PRELOAD_ROW_TYPE_ID, COLUMN_NO, NAME, DESCRIPTION, PRELOAD_FIELD_TYPE_ID, REQUIRED, REL_TYPE, ERROR_SEVERITY, LENGTH) VALUES ('542', '21', '39', 'Código Curso', 'Curso para seguros de tipo educación', '4', '1', '0', '3', '4');
INSERT INTO "LD_PRELOAD_FIELD_DEFINITION" (PRELOAD_FIELD_DEFINITION_ID, PRELOAD_ROW_TYPE_ID, COLUMN_NO, NAME, DESCRIPTION, PRELOAD_FIELD_TYPE_ID, REQUIRED, REL_TYPE, ERROR_SEVERITY, LENGTH) VALUES ('543', '21', '40', 'Tipo de Plan', 'Tipo de plan seguro educación', '4', '1', '0', '3', '1');

-- Pie campos
INSERT INTO "LD_PRELOAD_FIELD_DEFINITION" (PRELOAD_FIELD_DEFINITION_ID, PRELOAD_ROW_TYPE_ID, COLUMN_NO, NAME, DESCRIPTION, PRELOAD_FIELD_TYPE_ID, REQUIRED, ERROR_SEVERITY, LENGTH) VALUES ('544', '22', '1', 'Tipo Reg', 'Tipo de Registro', '4', '1', '3', '1');
INSERT INTO "LD_PRELOAD_FIELD_DEFINITION" (PRELOAD_FIELD_DEFINITION_ID, PRELOAD_ROW_TYPE_ID, COLUMN_NO, NAME, DESCRIPTION, PRELOAD_FIELD_TYPE_ID, REQUIRED, ERROR_SEVERITY, LENGTH) VALUES ('545', '22', '2', 'Fec Envio', 'Fecha de envio del archivo (YYYYMMDD)', '7', '1', '3', '8');
INSERT INTO "LD_PRELOAD_FIELD_DEFINITION" (PRELOAD_FIELD_DEFINITION_ID, PRELOAD_ROW_TYPE_ID, COLUMN_NO, NAME, DESCRIPTION, PRELOAD_FIELD_TYPE_ID, REQUIRED, ERROR_SEVERITY, LENGTH) VALUES ('546', '22', '3', 'Cod Conv', 'Convenio', '4', '1', '3', '3');
INSERT INTO "LD_PRELOAD_FIELD_DEFINITION" (PRELOAD_FIELD_DEFINITION_ID, PRELOAD_ROW_TYPE_ID, COLUMN_NO, NAME, DESCRIPTION, PRELOAD_FIELD_TYPE_ID, REQUIRED, ERROR_SEVERITY, LENGTH) VALUES ('547', '22', '4', 'Can Detalle', 'Cantidad de registros', '1', '1', '3', '5');
INSERT INTO "LD_PRELOAD_FIELD_DEFINITION" (PRELOAD_FIELD_DEFINITION_ID, PRELOAD_ROW_TYPE_ID, COLUMN_NO, NAME, DESCRIPTION, PRELOAD_FIELD_TYPE_ID, REQUIRED, ERROR_SEVERITY, LENGTH) VALUES ('548', '22', '5', 'Mto_total', 'Sumatoria de las primas anuales', '2', '1', '3', '12');
INSERT INTO "LD_PRELOAD_FIELD_DEFINITION" (PRELOAD_FIELD_DEFINITION_ID, PRELOAD_ROW_TYPE_ID, COLUMN_NO, NAME, DESCRIPTION, PRELOAD_FIELD_TYPE_ID, REQUIRED, ERROR_SEVERITY, LENGTH) VALUES ('549', '22', '6', 'Filler', 'Filler', '7', '1', '3', '30');

commit;

-------------------------------------------------------
-- DOC-155-CROSS CARGA VENTAS VIDA WEB v2 - Fichero 2 -
-------------------------------------------------------
-- File definition
INSERT INTO "LD_PRELOAD_FILE" (PRELOAD_FILE_ID, PRELOAD_DEFINITION_ID, NAME, DESCRIPTION, FILE_TYPE, FILENAME_FORMAT_REGEX) 
VALUES ('7', '2', 'Propuestas con tipos  de personas', 'Archivo con la relación de propuestas con tipos  de personas (e.g. PcsWeb20_20170802_2.txt)', 'TXT','PcsWeb20_\d{4}\d{2}\d{2}_2.(txt|TXT)');

-- Row types
INSERT INTO "LD_PRELOAD_ROW_TYPE" (PRELOAD_ROW_TYPE_ID, PRELOAD_FILE_ID, NAME, IDENTIFIER_COLUMN_NO, IDENTIFIER_VALUE) VALUES ('23', '7', 'Cabecera (Header)', '1', 'C');
INSERT INTO "LD_PRELOAD_ROW_TYPE" (PRELOAD_ROW_TYPE_ID, PRELOAD_FILE_ID, NAME, IDENTIFIER_COLUMN_NO, IDENTIFIER_VALUE) VALUES ('24', '7', 'Detalle (Detail)', '1', 'D');
INSERT INTO "LD_PRELOAD_ROW_TYPE" (PRELOAD_ROW_TYPE_ID, PRELOAD_FILE_ID, NAME, IDENTIFIER_COLUMN_NO, IDENTIFIER_VALUE) VALUES ('25', '7', 'Pie (Footer)', '1', 'T');

-- Cabecera campos
INSERT INTO "LD_PRELOAD_FIELD_DEFINITION" (PRELOAD_FIELD_DEFINITION_ID, PRELOAD_ROW_TYPE_ID, COLUMN_NO, NAME, DESCRIPTION, PRELOAD_FIELD_TYPE_ID, REQUIRED, ERROR_SEVERITY, LENGTH) VALUES ('550', '23', '1', 'Tipo Reg', 'Tipo de Registro', '4', '1', '3', '1');
INSERT INTO "LD_PRELOAD_FIELD_DEFINITION" (PRELOAD_FIELD_DEFINITION_ID, PRELOAD_ROW_TYPE_ID, COLUMN_NO, NAME, DESCRIPTION, PRELOAD_FIELD_TYPE_ID, REQUIRED, ERROR_SEVERITY, LENGTH) VALUES ('551', '23', '2', 'Fec Envio', 'Fecha de envio del archivo (YYYYMMDD)', '7', '1', '3', '8');
INSERT INTO "LD_PRELOAD_FIELD_DEFINITION" (PRELOAD_FIELD_DEFINITION_ID, PRELOAD_ROW_TYPE_ID, COLUMN_NO, NAME, DESCRIPTION, PRELOAD_FIELD_TYPE_ID, REQUIRED, ERROR_SEVERITY, LENGTH) VALUES ('552', '23', '3', 'Convenio', 'Tipo de convenio BSAN', '4', '1', '3', '3');
INSERT INTO "LD_PRELOAD_FIELD_DEFINITION" (PRELOAD_FIELD_DEFINITION_ID, PRELOAD_ROW_TYPE_ID, COLUMN_NO, NAME, DESCRIPTION, PRELOAD_FIELD_TYPE_ID, REQUIRED, ERROR_SEVERITY, LENGTH) VALUES ('553', '23', '4', 'Filer', 'Filer', '4', '0', '1', '136');

-- Detalle campos
INSERT INTO "LD_PRELOAD_FIELD_DEFINITION" (PRELOAD_FIELD_DEFINITION_ID, PRELOAD_ROW_TYPE_ID, COLUMN_NO, NAME, DESCRIPTION, PRELOAD_FIELD_TYPE_ID, REQUIRED, REL_TYPE, ERROR_SEVERITY, LENGTH) VALUES ('554', '24', '1', 'Tipo Reg', 'Tipo de Registro', '4', '1', '0', '3', '1');
INSERT INTO "LD_PRELOAD_FIELD_DEFINITION" (PRELOAD_FIELD_DEFINITION_ID, PRELOAD_ROW_TYPE_ID, COLUMN_NO, NAME, DESCRIPTION, PRELOAD_FIELD_TYPE_ID, REQUIRED, REL_TYPE, ERROR_SEVERITY, LENGTH) VALUES ('555', '24', '2', 'Fec Envio', 'Fecha de envio del archivo (YYYYMMDD)', '7', '1', '0', '3', '8');
INSERT INTO "LD_PRELOAD_FIELD_DEFINITION" (PRELOAD_FIELD_DEFINITION_ID, PRELOAD_ROW_TYPE_ID, COLUMN_NO, NAME, DESCRIPTION, PRELOAD_FIELD_TYPE_ID, REQUIRED, REL_TYPE, ERROR_SEVERITY, LENGTH) VALUES ('556', '24', '3', 'Cod Ramo', 'Código de Ramo BSAN', '4', '0', '0', '3', '3');
INSERT INTO "LD_PRELOAD_FIELD_DEFINITION" (PRELOAD_FIELD_DEFINITION_ID, PRELOAD_ROW_TYPE_ID, COLUMN_NO, NAME, DESCRIPTION, PRELOAD_FIELD_TYPE_ID, REQUIRED, REL_TYPE, ERROR_SEVERITY, LENGTH) VALUES ('557', '24', '4', 'Cod Linea', 'Código de Linea BSAN', '4', '0', '0', '3', '3');
INSERT INTO "LD_PRELOAD_FIELD_DEFINITION" (PRELOAD_FIELD_DEFINITION_ID, PRELOAD_ROW_TYPE_ID, COLUMN_NO, NAME, DESCRIPTION, PRELOAD_FIELD_TYPE_ID, REQUIRED, REL_TYPE, ERROR_SEVERITY, LENGTH) VALUES ('558', '24', '5', 'Cod Producto', 'Código de Producto BSAN', '4', '0', '0', '3', '3');
INSERT INTO "LD_PRELOAD_FIELD_DEFINITION" (PRELOAD_FIELD_DEFINITION_ID, PRELOAD_ROW_TYPE_ID, COLUMN_NO, NAME, DESCRIPTION, PRELOAD_FIELD_TYPE_ID, REQUIRED, REL_TYPE, ERROR_SEVERITY, LENGTH) VALUES ('559', '24', '6', 'Num. Propuesta', 'Número de Propuesta BSAN', '1', '1', '0', '3', '8');
INSERT INTO "LD_PRELOAD_FIELD_DEFINITION" (PRELOAD_FIELD_DEFINITION_ID, PRELOAD_ROW_TYPE_ID, COLUMN_NO, NAME, DESCRIPTION, PRELOAD_FIELD_TYPE_ID, REQUIRED, REL_TYPE, ERROR_SEVERITY, LENGTH) VALUES ('560', '24', '7', 'Cod Tipo Persona', 'Código tipo de persona', '4', '1', '0', '3', '3');
INSERT INTO "LD_PRELOAD_FIELD_DEFINITION" (PRELOAD_FIELD_DEFINITION_ID, PRELOAD_ROW_TYPE_ID, COLUMN_NO, NAME, DESCRIPTION, PRELOAD_FIELD_TYPE_ID, REQUIRED, REL_TYPE, ERROR_SEVERITY, LENGTH) VALUES ('561', '24', '8', 'Cor Tipo Persona', 'Correlativo por tipo de persona', '1', '1', '0', '3', '2');
INSERT INTO "LD_PRELOAD_FIELD_DEFINITION" (PRELOAD_FIELD_DEFINITION_ID, PRELOAD_ROW_TYPE_ID, COLUMN_NO, NAME, DESCRIPTION, PRELOAD_FIELD_TYPE_ID, REQUIRED, REL_TYPE, ERROR_SEVERITY, LENGTH) VALUES ('562', '24', '9', 'Rut Persona', 'Rut Persona', '1', '0', '0', '3', '10');
INSERT INTO "LD_PRELOAD_FIELD_DEFINITION" (PRELOAD_FIELD_DEFINITION_ID, PRELOAD_ROW_TYPE_ID, COLUMN_NO, NAME, DESCRIPTION, PRELOAD_FIELD_TYPE_ID, REQUIRED, REL_TYPE, ERROR_SEVERITY, LENGTH) VALUES ('563', '24', '10', 'Dig Verificador', 'Dígito verificador persona', '1', '0', '0', '3', '1');
INSERT INTO "LD_PRELOAD_FIELD_DEFINITION" (PRELOAD_FIELD_DEFINITION_ID, PRELOAD_ROW_TYPE_ID, COLUMN_NO, NAME, DESCRIPTION, PRELOAD_FIELD_TYPE_ID, REQUIRED, REL_TYPE, ERROR_SEVERITY, LENGTH) VALUES ('564', '24', '11', 'Cod Relacion', 'Código de relación', '1', '0', '0', '3', '2');

-- Pie campos
INSERT INTO "LD_PRELOAD_FIELD_DEFINITION" (PRELOAD_FIELD_DEFINITION_ID, PRELOAD_ROW_TYPE_ID, COLUMN_NO, NAME, DESCRIPTION, PRELOAD_FIELD_TYPE_ID, REQUIRED, ERROR_SEVERITY, LENGTH) VALUES ('565', '25', '1', 'Tipo Reg', 'Tipo de Registro', '4', '1', '3', '1');
INSERT INTO "LD_PRELOAD_FIELD_DEFINITION" (PRELOAD_FIELD_DEFINITION_ID, PRELOAD_ROW_TYPE_ID, COLUMN_NO, NAME, DESCRIPTION, PRELOAD_FIELD_TYPE_ID, REQUIRED, ERROR_SEVERITY, LENGTH) VALUES ('566', '25', '2', 'Fec Envio', 'Fecha de envio del archivo (YYYYMMDD)', '7', '1', '3', '8');
INSERT INTO "LD_PRELOAD_FIELD_DEFINITION" (PRELOAD_FIELD_DEFINITION_ID, PRELOAD_ROW_TYPE_ID, COLUMN_NO, NAME, DESCRIPTION, PRELOAD_FIELD_TYPE_ID, REQUIRED, ERROR_SEVERITY, LENGTH) VALUES ('567', '25', '3', 'Cod Conv', 'Convenio', '4', '1', '3', '3');
INSERT INTO "LD_PRELOAD_FIELD_DEFINITION" (PRELOAD_FIELD_DEFINITION_ID, PRELOAD_ROW_TYPE_ID, COLUMN_NO, NAME, DESCRIPTION, PRELOAD_FIELD_TYPE_ID, REQUIRED, ERROR_SEVERITY, LENGTH) VALUES ('568', '25', '4', 'Can Detalle', 'Cantidad de registros', '1', '1', '3', '5');
INSERT INTO "LD_PRELOAD_FIELD_DEFINITION" (PRELOAD_FIELD_DEFINITION_ID, PRELOAD_ROW_TYPE_ID, COLUMN_NO, NAME, DESCRIPTION, PRELOAD_FIELD_TYPE_ID, REQUIRED, ERROR_SEVERITY, LENGTH) VALUES ('569', '25', '5', 'Mto_total', 'Sumatoria de las primas anuales', '2', '1', '3', '12');
INSERT INTO "LD_PRELOAD_FIELD_DEFINITION" (PRELOAD_FIELD_DEFINITION_ID, PRELOAD_ROW_TYPE_ID, COLUMN_NO, NAME, DESCRIPTION, PRELOAD_FIELD_TYPE_ID, REQUIRED, ERROR_SEVERITY, LENGTH) VALUES ('570', '25', '6', 'Filler', 'Filler', '7', '1', '3', '30');

commit;


------------------------------------------------------
-- DOC-155-CROSS CARGA VENTAS VIDA WEB v2- Fichero 3 -
------------------------------------------------------
-- File definition
INSERT INTO "LD_PRELOAD_FILE" (PRELOAD_FILE_ID, PRELOAD_DEFINITION_ID, NAME, DESCRIPTION, FILE_TYPE, FILENAME_FORMAT_REGEX) 
VALUES ('8', '2', 'Beneficiarios, Asegurados Adicionales', 'En este archivo contiene los Beneficiarios, Asegurados Adicionales y/o Grupo Familiar por propuesta, esto dependerá como está definido en el Archivo 2, por la relación con Código tipo de persona. (e.g. PcsWeb20_20170802_3.txt)', 'TXT','PcsWeb20_\d{4}\d{2}\d{2}_3.(txt|TXT)');

-- Row types
INSERT INTO "LD_PRELOAD_ROW_TYPE" (PRELOAD_ROW_TYPE_ID, PRELOAD_FILE_ID, NAME, IDENTIFIER_COLUMN_NO, IDENTIFIER_VALUE) VALUES ('26', '8', 'Cabecera (Header)', '1', 'C');
INSERT INTO "LD_PRELOAD_ROW_TYPE" (PRELOAD_ROW_TYPE_ID, PRELOAD_FILE_ID, NAME, IDENTIFIER_COLUMN_NO, IDENTIFIER_VALUE) VALUES ('27', '8', 'Detalle (Detail)', '1', 'D');
INSERT INTO "LD_PRELOAD_ROW_TYPE" (PRELOAD_ROW_TYPE_ID, PRELOAD_FILE_ID, NAME, IDENTIFIER_COLUMN_NO, IDENTIFIER_VALUE) VALUES ('28', '8', 'Pie (Footer)', '1', 'T');

-- Cabecera campos
INSERT INTO "LD_PRELOAD_FIELD_DEFINITION" (PRELOAD_FIELD_DEFINITION_ID, PRELOAD_ROW_TYPE_ID, COLUMN_NO, NAME, DESCRIPTION, PRELOAD_FIELD_TYPE_ID, REQUIRED, ERROR_SEVERITY, LENGTH) VALUES ('600', '26', '1', 'Tipo Reg', 'Tipo de Registro', '4', '1', '3', '1');
INSERT INTO "LD_PRELOAD_FIELD_DEFINITION" (PRELOAD_FIELD_DEFINITION_ID, PRELOAD_ROW_TYPE_ID, COLUMN_NO, NAME, DESCRIPTION, PRELOAD_FIELD_TYPE_ID, REQUIRED, ERROR_SEVERITY, LENGTH) VALUES ('601', '26', '2', 'Fec Envio', 'Fecha de envio del archivo (YYYYMMDD)', '7', '1', '3', '8');
INSERT INTO "LD_PRELOAD_FIELD_DEFINITION" (PRELOAD_FIELD_DEFINITION_ID, PRELOAD_ROW_TYPE_ID, COLUMN_NO, NAME, DESCRIPTION, PRELOAD_FIELD_TYPE_ID, REQUIRED, ERROR_SEVERITY, LENGTH) VALUES ('602', '26', '3', 'Convenio', 'Tipo de convenio BSAN', '4', '1', '3', '3');
INSERT INTO "LD_PRELOAD_FIELD_DEFINITION" (PRELOAD_FIELD_DEFINITION_ID, PRELOAD_ROW_TYPE_ID, COLUMN_NO, NAME, DESCRIPTION, PRELOAD_FIELD_TYPE_ID, REQUIRED, ERROR_SEVERITY, LENGTH) VALUES ('603', '26', '4', 'Filer', 'Filer', '4', '0', '1', '136');

-- Detalle campos
INSERT INTO "LD_PRELOAD_FIELD_DEFINITION" (PRELOAD_FIELD_DEFINITION_ID, PRELOAD_ROW_TYPE_ID, COLUMN_NO, NAME, DESCRIPTION, PRELOAD_FIELD_TYPE_ID, REQUIRED, REL_TYPE, ERROR_SEVERITY, LENGTH) VALUES ('604', '27', '1', 'Tipo Reg', 'Tipo de Registro', '4', '1', '0', '3', '1');
INSERT INTO "LD_PRELOAD_FIELD_DEFINITION" (PRELOAD_FIELD_DEFINITION_ID, PRELOAD_ROW_TYPE_ID, COLUMN_NO, NAME, DESCRIPTION, PRELOAD_FIELD_TYPE_ID, REQUIRED, REL_TYPE, ERROR_SEVERITY, LENGTH) VALUES ('605', '27', '2', 'Fec Envio', 'Fecha de envio del archivo (YYYYMMDD)', '7', '1', '0', '3', '8');
INSERT INTO "LD_PRELOAD_FIELD_DEFINITION" (PRELOAD_FIELD_DEFINITION_ID, PRELOAD_ROW_TYPE_ID, COLUMN_NO, NAME, DESCRIPTION, PRELOAD_FIELD_TYPE_ID, REQUIRED, REL_TYPE, ERROR_SEVERITY, LENGTH) VALUES ('606', '27', '3', 'Cod Ramo', 'Código de Ramo BSAN', '4', '0', '0', '3', '3');
INSERT INTO "LD_PRELOAD_FIELD_DEFINITION" (PRELOAD_FIELD_DEFINITION_ID, PRELOAD_ROW_TYPE_ID, COLUMN_NO, NAME, DESCRIPTION, PRELOAD_FIELD_TYPE_ID, REQUIRED, REL_TYPE, ERROR_SEVERITY, LENGTH) VALUES ('607', '27', '4', 'Cod Linea', 'Código de Linea BSAN', '4', '0', '0', '3', '3');
INSERT INTO "LD_PRELOAD_FIELD_DEFINITION" (PRELOAD_FIELD_DEFINITION_ID, PRELOAD_ROW_TYPE_ID, COLUMN_NO, NAME, DESCRIPTION, PRELOAD_FIELD_TYPE_ID, REQUIRED, REL_TYPE, ERROR_SEVERITY, LENGTH) VALUES ('608', '27', '5', 'Cod Producto', 'Código de Producto BSAN', '4', '0', '0', '3', '3');
INSERT INTO "LD_PRELOAD_FIELD_DEFINITION" (PRELOAD_FIELD_DEFINITION_ID, PRELOAD_ROW_TYPE_ID, COLUMN_NO, NAME, DESCRIPTION, PRELOAD_FIELD_TYPE_ID, REQUIRED, REL_TYPE, ERROR_SEVERITY, LENGTH) VALUES ('609', '27', '6', 'Num. Propuesta', 'Número de Propuesta BSAN', '1', '1', '0', '3', '8');
INSERT INTO "LD_PRELOAD_FIELD_DEFINITION" (PRELOAD_FIELD_DEFINITION_ID, PRELOAD_ROW_TYPE_ID, COLUMN_NO, NAME, DESCRIPTION, PRELOAD_FIELD_TYPE_ID, REQUIRED, REL_TYPE, ERROR_SEVERITY, LENGTH) VALUES ('610', '27', '7', 'Filler', 'Filler', '4', '0', '0', '3', '1');
INSERT INTO "LD_PRELOAD_FIELD_DEFINITION" (PRELOAD_FIELD_DEFINITION_ID, PRELOAD_ROW_TYPE_ID, COLUMN_NO, NAME, DESCRIPTION, PRELOAD_FIELD_TYPE_ID, REQUIRED, REL_TYPE, ERROR_SEVERITY, LENGTH) VALUES ('611', '27', '8', 'Rut_Benef', 'Rut Beneficiario', '4', '1', '0', '3', '9');
INSERT INTO "LD_PRELOAD_FIELD_DEFINITION" (PRELOAD_FIELD_DEFINITION_ID, PRELOAD_ROW_TYPE_ID, COLUMN_NO, NAME, DESCRIPTION, PRELOAD_FIELD_TYPE_ID, REQUIRED, REL_TYPE, ERROR_SEVERITY, LENGTH) VALUES ('612', '27', '9', 'Dig verificador', 'Dígito verificador beneficiario', '4', '1', '0', '3', '1');
INSERT INTO "LD_PRELOAD_FIELD_DEFINITION" (PRELOAD_FIELD_DEFINITION_ID, PRELOAD_ROW_TYPE_ID, COLUMN_NO, NAME, DESCRIPTION, PRELOAD_FIELD_TYPE_ID, REQUIRED, REL_TYPE, ERROR_SEVERITY, LENGTH) VALUES ('613', '27', '10', 'Filler', 'Filler', '4', '0', '0', '3', '3');
INSERT INTO "LD_PRELOAD_FIELD_DEFINITION" (PRELOAD_FIELD_DEFINITION_ID, PRELOAD_ROW_TYPE_ID, COLUMN_NO, NAME, DESCRIPTION, PRELOAD_FIELD_TYPE_ID, REQUIRED, REL_TYPE, ERROR_SEVERITY, LENGTH) VALUES ('614', '27', '11', 'Por. Cobertura', 'Porcentaje de cobertura por beneficiario', '4', '0', '0', '3', '3');
INSERT INTO "LD_PRELOAD_FIELD_DEFINITION" (PRELOAD_FIELD_DEFINITION_ID, PRELOAD_ROW_TYPE_ID, COLUMN_NO, NAME, DESCRIPTION, PRELOAD_FIELD_TYPE_ID, REQUIRED, REL_TYPE, ERROR_SEVERITY, LENGTH) VALUES ('615', '27', '12', 'Filler', 'Filler', '4', '0', '0', '3', '3');
INSERT INTO "LD_PRELOAD_FIELD_DEFINITION" (PRELOAD_FIELD_DEFINITION_ID, PRELOAD_ROW_TYPE_ID, COLUMN_NO, NAME, DESCRIPTION, PRELOAD_FIELD_TYPE_ID, REQUIRED, REL_TYPE, ERROR_SEVERITY, LENGTH) VALUES ('616', '27', '13', 'Cod_Tipobene', 'Código de tipo de beneficiario', '4', '0', '0', '3', '1');

-- Pie campos
INSERT INTO "LD_PRELOAD_FIELD_DEFINITION" (PRELOAD_FIELD_DEFINITION_ID, PRELOAD_ROW_TYPE_ID, COLUMN_NO, NAME, DESCRIPTION, PRELOAD_FIELD_TYPE_ID, REQUIRED, ERROR_SEVERITY, LENGTH) VALUES ('617', '28', '1', 'Tipo Reg', 'Tipo de Registro', '4', '1', '3', '1');
INSERT INTO "LD_PRELOAD_FIELD_DEFINITION" (PRELOAD_FIELD_DEFINITION_ID, PRELOAD_ROW_TYPE_ID, COLUMN_NO, NAME, DESCRIPTION, PRELOAD_FIELD_TYPE_ID, REQUIRED, ERROR_SEVERITY, LENGTH) VALUES ('618', '28', '2', 'Fec Envio', 'Fecha de envio del archivo (YYYYMMDD)', '7', '1', '3', '8');
INSERT INTO "LD_PRELOAD_FIELD_DEFINITION" (PRELOAD_FIELD_DEFINITION_ID, PRELOAD_ROW_TYPE_ID, COLUMN_NO, NAME, DESCRIPTION, PRELOAD_FIELD_TYPE_ID, REQUIRED, ERROR_SEVERITY, LENGTH) VALUES ('619', '28', '3', 'Cod Conv', 'Convenio', '4', '1', '3', '3');
INSERT INTO "LD_PRELOAD_FIELD_DEFINITION" (PRELOAD_FIELD_DEFINITION_ID, PRELOAD_ROW_TYPE_ID, COLUMN_NO, NAME, DESCRIPTION, PRELOAD_FIELD_TYPE_ID, REQUIRED, ERROR_SEVERITY, LENGTH) VALUES ('620', '28', '4', 'Can Detalle', 'Cantidad de registros', '1', '1', '3', '5');
INSERT INTO "LD_PRELOAD_FIELD_DEFINITION" (PRELOAD_FIELD_DEFINITION_ID, PRELOAD_ROW_TYPE_ID, COLUMN_NO, NAME, DESCRIPTION, PRELOAD_FIELD_TYPE_ID, REQUIRED, ERROR_SEVERITY, LENGTH) VALUES ('621', '28', '5', 'Mto_total', 'Sumatoria de las primas anuales', '2', '1', '3', '12');
INSERT INTO "LD_PRELOAD_FIELD_DEFINITION" (PRELOAD_FIELD_DEFINITION_ID, PRELOAD_ROW_TYPE_ID, COLUMN_NO, NAME, DESCRIPTION, PRELOAD_FIELD_TYPE_ID, REQUIRED, ERROR_SEVERITY, LENGTH) VALUES ('622', '28', '6', 'Filler', 'Filler', '7', '1', '3', '30');

commit;


-------------------------------------------------------
-- DOC-155-CROSS CARGA VENTAS VIDA WEB v2 - Fichero 4 -
-------------------------------------------------------
-- File definition
INSERT INTO "LD_PRELOAD_FILE" (PRELOAD_FILE_ID, PRELOAD_DEFINITION_ID, NAME, DESCRIPTION, FILE_TYPE, FILENAME_FORMAT_REGEX) 
VALUES ('9', '2', 'Datos demográficos de personas', 'Información y datos demográficos de personas. (e.g. PcsWeb20_20170802_4.txt)', 'TXT','PcsWeb20_\d{4}\d{2}\d{2}_4.(txt|TXT)');

-- Row types
INSERT INTO "LD_PRELOAD_ROW_TYPE" (PRELOAD_ROW_TYPE_ID, PRELOAD_FILE_ID, NAME, IDENTIFIER_COLUMN_NO, IDENTIFIER_VALUE) VALUES ('29', '9', 'Cabecera (Header)', '1', 'C');
INSERT INTO "LD_PRELOAD_ROW_TYPE" (PRELOAD_ROW_TYPE_ID, PRELOAD_FILE_ID, NAME, IDENTIFIER_COLUMN_NO, IDENTIFIER_VALUE) VALUES ('30', '9', 'Detalle (Detail)', '1', 'D');
INSERT INTO "LD_PRELOAD_ROW_TYPE" (PRELOAD_ROW_TYPE_ID, PRELOAD_FILE_ID, NAME, IDENTIFIER_COLUMN_NO, IDENTIFIER_VALUE) VALUES ('31', '9', 'Pie (Footer)', '1', 'T');

-- Cabecera campos
INSERT INTO "LD_PRELOAD_FIELD_DEFINITION" (PRELOAD_FIELD_DEFINITION_ID, PRELOAD_ROW_TYPE_ID, COLUMN_NO, NAME, DESCRIPTION, PRELOAD_FIELD_TYPE_ID, REQUIRED, ERROR_SEVERITY, LENGTH) VALUES ('650', '29', '1', 'Tipo Reg', 'Tipo de Registro', '4', '1', '3', '1');
INSERT INTO "LD_PRELOAD_FIELD_DEFINITION" (PRELOAD_FIELD_DEFINITION_ID, PRELOAD_ROW_TYPE_ID, COLUMN_NO, NAME, DESCRIPTION, PRELOAD_FIELD_TYPE_ID, REQUIRED, ERROR_SEVERITY, LENGTH) VALUES ('651', '29', '2', 'Fec Envio', 'Fecha de envio del archivo (YYYYMMDD)', '7', '1', '3', '8');
INSERT INTO "LD_PRELOAD_FIELD_DEFINITION" (PRELOAD_FIELD_DEFINITION_ID, PRELOAD_ROW_TYPE_ID, COLUMN_NO, NAME, DESCRIPTION, PRELOAD_FIELD_TYPE_ID, REQUIRED, ERROR_SEVERITY, LENGTH) VALUES ('652', '29', '3', 'Convenio', 'Tipo de convenio BSAN', '4', '1', '3', '3');
INSERT INTO "LD_PRELOAD_FIELD_DEFINITION" (PRELOAD_FIELD_DEFINITION_ID, PRELOAD_ROW_TYPE_ID, COLUMN_NO, NAME, DESCRIPTION, PRELOAD_FIELD_TYPE_ID, REQUIRED, ERROR_SEVERITY, LENGTH) VALUES ('653', '29', '4', 'Filer', 'Filer', '4', '0', '1', '136');

-- Detalle campos
INSERT INTO "LD_PRELOAD_FIELD_DEFINITION" (PRELOAD_FIELD_DEFINITION_ID, PRELOAD_ROW_TYPE_ID, COLUMN_NO, NAME, DESCRIPTION, PRELOAD_FIELD_TYPE_ID, REQUIRED, REL_TYPE, ERROR_SEVERITY, LENGTH) VALUES ('654', '30', '1', 'Tipo Reg', 'Tipo de Registro', '4', '1', '0', '3', '1');
INSERT INTO "LD_PRELOAD_FIELD_DEFINITION" (PRELOAD_FIELD_DEFINITION_ID, PRELOAD_ROW_TYPE_ID, COLUMN_NO, NAME, DESCRIPTION, PRELOAD_FIELD_TYPE_ID, REQUIRED, REL_TYPE, ERROR_SEVERITY, LENGTH) VALUES ('655', '30', '2', 'Fec Envio', 'Fecha de envio del archivo (YYYYMMDD)', '7', '1', '0', '3', '8');
INSERT INTO "LD_PRELOAD_FIELD_DEFINITION" (PRELOAD_FIELD_DEFINITION_ID, PRELOAD_ROW_TYPE_ID, COLUMN_NO, NAME, DESCRIPTION, PRELOAD_FIELD_TYPE_ID, REQUIRED, REL_TYPE, ERROR_SEVERITY, LENGTH) VALUES ('656', '30', '3', 'Filler', 'Filler', '4', '1', '0', '3', '2');
INSERT INTO "LD_PRELOAD_FIELD_DEFINITION" (PRELOAD_FIELD_DEFINITION_ID, PRELOAD_ROW_TYPE_ID, COLUMN_NO, NAME, DESCRIPTION, PRELOAD_FIELD_TYPE_ID, REQUIRED, REL_TYPE, ERROR_SEVERITY, LENGTH) VALUES ('657', '30', '4', 'Rut', 'Rut Contratante', '4', '1', '0', '3', '9');
INSERT INTO "LD_PRELOAD_FIELD_DEFINITION" (PRELOAD_FIELD_DEFINITION_ID, PRELOAD_ROW_TYPE_ID, COLUMN_NO, NAME, DESCRIPTION, PRELOAD_FIELD_TYPE_ID, REQUIRED, REL_TYPE, ERROR_SEVERITY, LENGTH) VALUES ('658', '30', '5', 'Filler', 'Filler', '4', '0', '0', '3', '1');
INSERT INTO "LD_PRELOAD_FIELD_DEFINITION" (PRELOAD_FIELD_DEFINITION_ID, PRELOAD_ROW_TYPE_ID, COLUMN_NO, NAME, DESCRIPTION, PRELOAD_FIELD_TYPE_ID, REQUIRED, REL_TYPE, ERROR_SEVERITY, LENGTH) VALUES ('659', '30', '6', 'Ape Paterno', 'Apellido perterno', '4', '1', '0', '3', '20');
INSERT INTO "LD_PRELOAD_FIELD_DEFINITION" (PRELOAD_FIELD_DEFINITION_ID, PRELOAD_ROW_TYPE_ID, COLUMN_NO, NAME, DESCRIPTION, PRELOAD_FIELD_TYPE_ID, REQUIRED, REL_TYPE, ERROR_SEVERITY, LENGTH) VALUES ('660', '30', '7', 'Ape Materno', 'Apellido perterno', '4', '1', '0', '3', '20');
INSERT INTO "LD_PRELOAD_FIELD_DEFINITION" (PRELOAD_FIELD_DEFINITION_ID, PRELOAD_ROW_TYPE_ID, COLUMN_NO, NAME, DESCRIPTION, PRELOAD_FIELD_TYPE_ID, REQUIRED, REL_TYPE, ERROR_SEVERITY, LENGTH) VALUES ('661', '30', '8', 'Nombres', 'Nombre', '4', '1', '0', '3', '25');
INSERT INTO "LD_PRELOAD_FIELD_DEFINITION" (PRELOAD_FIELD_DEFINITION_ID, PRELOAD_ROW_TYPE_ID, COLUMN_NO, NAME, DESCRIPTION, PRELOAD_FIELD_TYPE_ID, REQUIRED, REL_TYPE, ERROR_SEVERITY, LENGTH) VALUES ('662', '30', '9', 'Fec Nacimento', 'Fecha de nacimento', '7', '1', '0', '3', '8');
INSERT INTO "LD_PRELOAD_FIELD_DEFINITION" (PRELOAD_FIELD_DEFINITION_ID, PRELOAD_ROW_TYPE_ID, COLUMN_NO, NAME, DESCRIPTION, PRELOAD_FIELD_TYPE_ID, REQUIRED, REL_TYPE, ERROR_SEVERITY, LENGTH) VALUES ('663', '30', '10', 'Cod sexo', 'Codigo sexo', '4', '1', '0', '3', '1');
INSERT INTO "LD_PRELOAD_FIELD_DEFINITION" (PRELOAD_FIELD_DEFINITION_ID, PRELOAD_ROW_TYPE_ID, COLUMN_NO, NAME, DESCRIPTION, PRELOAD_FIELD_TYPE_ID, REQUIRED, REL_TYPE, ERROR_SEVERITY, LENGTH) VALUES ('664', '30', '11', 'Cod est civil', 'Codigo estado civil', '4', '1', '0', '3', '1');
INSERT INTO "LD_PRELOAD_FIELD_DEFINITION" (PRELOAD_FIELD_DEFINITION_ID, PRELOAD_ROW_TYPE_ID, COLUMN_NO, NAME, DESCRIPTION, PRELOAD_FIELD_TYPE_ID, REQUIRED, REL_TYPE, ERROR_SEVERITY, LENGTH) VALUES ('665', '30', '12', 'Fono', 'Telefono contacto', '4', '1', '0', '3', '20');
INSERT INTO "LD_PRELOAD_FIELD_DEFINITION" (PRELOAD_FIELD_DEFINITION_ID, PRELOAD_ROW_TYPE_ID, COLUMN_NO, NAME, DESCRIPTION, PRELOAD_FIELD_TYPE_ID, REQUIRED, REL_TYPE, ERROR_SEVERITY, LENGTH) VALUES ('666', '30', '13', 'Cod Ciudad', 'Codigo de ciudad', '4', '1', '0', '3', '5');
INSERT INTO "LD_PRELOAD_FIELD_DEFINITION" (PRELOAD_FIELD_DEFINITION_ID, PRELOAD_ROW_TYPE_ID, COLUMN_NO, NAME, DESCRIPTION, PRELOAD_FIELD_TYPE_ID, REQUIRED, REL_TYPE, ERROR_SEVERITY, LENGTH) VALUES ('667', '30', '14', 'Cod Comuna', 'Codigo de comuna', '4', '1', '0', '3', '5');
INSERT INTO "LD_PRELOAD_FIELD_DEFINITION" (PRELOAD_FIELD_DEFINITION_ID, PRELOAD_ROW_TYPE_ID, COLUMN_NO, NAME, DESCRIPTION, PRELOAD_FIELD_TYPE_ID, REQUIRED, REL_TYPE, ERROR_SEVERITY, LENGTH) VALUES ('668', '30', '15', 'Direccion', 'Direccion', '4', '1', '0', '3', '80');
INSERT INTO "LD_PRELOAD_FIELD_DEFINITION" (PRELOAD_FIELD_DEFINITION_ID, PRELOAD_ROW_TYPE_ID, COLUMN_NO, NAME, DESCRIPTION, PRELOAD_FIELD_TYPE_ID, REQUIRED, REL_TYPE, ERROR_SEVERITY, LENGTH) VALUES ('669', '30', '16', 'Rta_mes', 'Renta mensual', '1', '0', '0', '3', '12');

-- Pie campos
INSERT INTO "LD_PRELOAD_FIELD_DEFINITION" (PRELOAD_FIELD_DEFINITION_ID, PRELOAD_ROW_TYPE_ID, COLUMN_NO, NAME, DESCRIPTION, PRELOAD_FIELD_TYPE_ID, REQUIRED, ERROR_SEVERITY, LENGTH) VALUES ('670', '31', '1', 'Tipo Reg', 'Tipo de Registro', '4', '1', '3', '1');
INSERT INTO "LD_PRELOAD_FIELD_DEFINITION" (PRELOAD_FIELD_DEFINITION_ID, PRELOAD_ROW_TYPE_ID, COLUMN_NO, NAME, DESCRIPTION, PRELOAD_FIELD_TYPE_ID, REQUIRED, ERROR_SEVERITY, LENGTH) VALUES ('671', '31', '2', 'Fec Envio', 'Fecha de envio del archivo (YYYYMMDD)', '7', '1', '3', '8');
INSERT INTO "LD_PRELOAD_FIELD_DEFINITION" (PRELOAD_FIELD_DEFINITION_ID, PRELOAD_ROW_TYPE_ID, COLUMN_NO, NAME, DESCRIPTION, PRELOAD_FIELD_TYPE_ID, REQUIRED, ERROR_SEVERITY, LENGTH) VALUES ('672', '31', '3', 'Cod Conv', 'Convenio', '4', '1', '3', '3');
INSERT INTO "LD_PRELOAD_FIELD_DEFINITION" (PRELOAD_FIELD_DEFINITION_ID, PRELOAD_ROW_TYPE_ID, COLUMN_NO, NAME, DESCRIPTION, PRELOAD_FIELD_TYPE_ID, REQUIRED, ERROR_SEVERITY, LENGTH) VALUES ('673', '31', '4', 'Can Detalle', 'Cantidad de registros', '1', '1', '3', '5');
INSERT INTO "LD_PRELOAD_FIELD_DEFINITION" (PRELOAD_FIELD_DEFINITION_ID, PRELOAD_ROW_TYPE_ID, COLUMN_NO, NAME, DESCRIPTION, PRELOAD_FIELD_TYPE_ID, REQUIRED, ERROR_SEVERITY, LENGTH) VALUES ('674', '31', '5', 'Mto_total', 'Sumatoria de las primas anuales', '2', '1', '3', '12');
INSERT INTO "LD_PRELOAD_FIELD_DEFINITION" (PRELOAD_FIELD_DEFINITION_ID, PRELOAD_ROW_TYPE_ID, COLUMN_NO, NAME, DESCRIPTION, PRELOAD_FIELD_TYPE_ID, REQUIRED, ERROR_SEVERITY, LENGTH) VALUES ('675', '31', '6', 'Filler', 'Filler', '7', '1', '3', '30');

commit;




--------------------------------------------
-- DOC-161-CROSS CARGA VENTAS VIDA NEOX v2 -
--------------------------------------------

-- Delete the pervious version of the load definition. (THIS IS A CASADE DETELE!!!!!!)
DELETE FROM "LD_PRELOAD_DEFINITION" WHERE PRELOAD_DEFINITION_ID = 3;

-- Create the new preload definition.
INSERT INTO "LD_PRELOAD_DEFINITION" (PRELOAD_DEFINITION_ID, PRELOAD_DEFINITION_GROUP_ID, NAME, MAX_PRELOAD_LOW_ERRORS, MAX_PRELOAD_MEDIUM_ERRORS, MAX_PRELOAD_HIGH_ERRORS, LOAD_IF_PRELOAD_OK) VALUES ('3', '1', 'CARGA VENTAS VIDA NEOX v2', '10', '5', '0', '0');



---------------------------------------------------
-- DOC-161-CROSS CARGA VENTAS NEOX v2 - Fichero 1 -
---------------------------------------------------
-- File definition
INSERT INTO "LD_PRELOAD_FILE" (PRELOAD_FILE_ID, PRELOAD_DEFINITION_ID, NAME, DESCRIPTION, FILE_TYPE, FILENAME_FORMAT_REGEX) 
VALUES ('10', '3', 'Información general de las ventas', 'Archivo con información general de las ventas (propuestas) (e.g. PcsNeo_20170802_1.txt)', 'TXT','PcsNeo_\d{4}\d{2}\d{2}_1.(txt|TXT)');

-- Row types
INSERT INTO "LD_PRELOAD_ROW_TYPE" (PRELOAD_ROW_TYPE_ID, PRELOAD_FILE_ID, NAME, IDENTIFIER_COLUMN_NO, IDENTIFIER_VALUE) VALUES ('35', '10', 'Cabecera (Header)', '1', 'C');
INSERT INTO "LD_PRELOAD_ROW_TYPE" (PRELOAD_ROW_TYPE_ID, PRELOAD_FILE_ID, NAME, IDENTIFIER_COLUMN_NO, IDENTIFIER_VALUE) VALUES ('36', '10', 'Detalle (Detail)', '1', 'D');
INSERT INTO "LD_PRELOAD_ROW_TYPE" (PRELOAD_ROW_TYPE_ID, PRELOAD_FILE_ID, NAME, IDENTIFIER_COLUMN_NO, IDENTIFIER_VALUE) VALUES ('37', '10', 'Pie (Footer)', '1', 'T');

-- Cabecera campos
INSERT INTO "LD_PRELOAD_FIELD_DEFINITION" (PRELOAD_FIELD_DEFINITION_ID, PRELOAD_ROW_TYPE_ID, COLUMN_NO, NAME, DESCRIPTION, PRELOAD_FIELD_TYPE_ID, REQUIRED, ERROR_SEVERITY, LENGTH) VALUES ('1000', '35', '1', 'Tipo Reg', 'Tipo de Registro', '4', '1', '3', '1');
INSERT INTO "LD_PRELOAD_FIELD_DEFINITION" (PRELOAD_FIELD_DEFINITION_ID, PRELOAD_ROW_TYPE_ID, COLUMN_NO, NAME, DESCRIPTION, PRELOAD_FIELD_TYPE_ID, REQUIRED, ERROR_SEVERITY, LENGTH) VALUES ('1001', '35', '2', 'Fec Envio', 'Fecha de envio del archivo (YYYYMMDD)', '7', '1', '3', '8');
INSERT INTO "LD_PRELOAD_FIELD_DEFINITION" (PRELOAD_FIELD_DEFINITION_ID, PRELOAD_ROW_TYPE_ID, COLUMN_NO, NAME, DESCRIPTION, PRELOAD_FIELD_TYPE_ID, REQUIRED, ERROR_SEVERITY, LENGTH) VALUES ('1002', '35', '3', 'Convenio', 'Tipo de convenio BSAN', '4', '1', '3', '3');
INSERT INTO "LD_PRELOAD_FIELD_DEFINITION" (PRELOAD_FIELD_DEFINITION_ID, PRELOAD_ROW_TYPE_ID, COLUMN_NO, NAME, DESCRIPTION, PRELOAD_FIELD_TYPE_ID, REQUIRED, ERROR_SEVERITY, LENGTH) VALUES ('1003', '35', '4', 'Filer', 'Filer', '4', '0', '1', '136');

-- Detalle campos
INSERT INTO "LD_PRELOAD_FIELD_DEFINITION" (PRELOAD_FIELD_DEFINITION_ID, PRELOAD_ROW_TYPE_ID, COLUMN_NO, NAME, DESCRIPTION, PRELOAD_FIELD_TYPE_ID, REQUIRED, REL_TYPE, ERROR_SEVERITY, LENGTH) VALUES ('1004', '36', '1', 'Tipo Reg', 'Tipo de Registro', '4', '1', '0', '3', '1');
INSERT INTO "LD_PRELOAD_FIELD_DEFINITION" (PRELOAD_FIELD_DEFINITION_ID, PRELOAD_ROW_TYPE_ID, COLUMN_NO, NAME, DESCRIPTION, PRELOAD_FIELD_TYPE_ID, REQUIRED, REL_TYPE, ERROR_SEVERITY, LENGTH) VALUES ('1005', '36', '2', 'Fec Envio', 'Fecha de envio del archivo (YYYYMMDD)', '7', '1', '0', '3', '8');
INSERT INTO "LD_PRELOAD_FIELD_DEFINITION" (PRELOAD_FIELD_DEFINITION_ID, PRELOAD_ROW_TYPE_ID, COLUMN_NO, NAME, DESCRIPTION, PRELOAD_FIELD_TYPE_ID, REQUIRED, REL_TYPE, ERROR_SEVERITY, LENGTH) VALUES ('1006', '36', '3', 'Cod. Conv.', 'Tipo de convenio BSAN', '4', '1', '0', '3', '3');
INSERT INTO "LD_PRELOAD_FIELD_DEFINITION" (PRELOAD_FIELD_DEFINITION_ID, PRELOAD_ROW_TYPE_ID, COLUMN_NO, NAME, DESCRIPTION, PRELOAD_FIELD_TYPE_ID, REQUIRED, REL_TYPE, ERROR_SEVERITY, LENGTH) VALUES ('1007', '36', '4', 'Tipo Trans.', 'Codigo de envio BSAN', '4', '1', '0', '3', '6');
INSERT INTO "LD_PRELOAD_FIELD_DEFINITION" (PRELOAD_FIELD_DEFINITION_ID, PRELOAD_ROW_TYPE_ID, COLUMN_NO, NAME, DESCRIPTION, PRELOAD_FIELD_TYPE_ID, REQUIRED, REL_TYPE, ERROR_SEVERITY, LENGTH) VALUES ('1008', '36', '5', 'Cod Ramo', 'Codigo de Ramo BSAN', '4', '1', '0', '3', '3');
INSERT INTO "LD_PRELOAD_FIELD_DEFINITION" (PRELOAD_FIELD_DEFINITION_ID, PRELOAD_ROW_TYPE_ID, COLUMN_NO, NAME, DESCRIPTION, PRELOAD_FIELD_TYPE_ID, REQUIRED, REL_TYPE, ERROR_SEVERITY, LENGTH) VALUES ('1009', '36', '6', 'Cod Linea', 'Codigo de Linea BSAN', '4', '1', '0', '3', '3');
INSERT INTO "LD_PRELOAD_FIELD_DEFINITION" (PRELOAD_FIELD_DEFINITION_ID, PRELOAD_ROW_TYPE_ID, COLUMN_NO, NAME, DESCRIPTION, PRELOAD_FIELD_TYPE_ID, REQUIRED, REL_TYPE, ERROR_SEVERITY, LENGTH) VALUES ('1010', '36', '7', 'Cod Producto', 'Codigo de Producto BSAN', '4', '1', '0', '3', '3');
INSERT INTO "LD_PRELOAD_FIELD_DEFINITION" (PRELOAD_FIELD_DEFINITION_ID, PRELOAD_ROW_TYPE_ID, COLUMN_NO, NAME, DESCRIPTION, PRELOAD_FIELD_TYPE_ID, REQUIRED, REL_TYPE, ERROR_SEVERITY, LENGTH) VALUES ('1011', '36', '8', 'Num Propuesta', 'Codigo de Propuesta BSAN', '1', '1', '0', '3', '8');
INSERT INTO "LD_PRELOAD_FIELD_DEFINITION" (PRELOAD_FIELD_DEFINITION_ID, PRELOAD_ROW_TYPE_ID, COLUMN_NO, NAME, DESCRIPTION, PRELOAD_FIELD_TYPE_ID, REQUIRED, REL_TYPE, ERROR_SEVERITY, LENGTH) VALUES ('1012', '36', '9', 'Num. Poliza', 'Numero de poliza', '1', '1', '0', '3', '12');
INSERT INTO "LD_PRELOAD_FIELD_DEFINITION" (PRELOAD_FIELD_DEFINITION_ID, PRELOAD_ROW_TYPE_ID, COLUMN_NO, NAME, DESCRIPTION, PRELOAD_FIELD_TYPE_ID, REQUIRED, REL_TYPE, ERROR_SEVERITY, LENGTH) VALUES ('1013', '36', '10', 'Cod Plan', 'Codigo de plan', '4', '1', '0', '3', '3');
INSERT INTO "LD_PRELOAD_FIELD_DEFINITION" (PRELOAD_FIELD_DEFINITION_ID, PRELOAD_ROW_TYPE_ID, COLUMN_NO, NAME, DESCRIPTION, PRELOAD_FIELD_TYPE_ID, REQUIRED, REL_TYPE, ERROR_SEVERITY, LENGTH) VALUES ('1014', '36', '11', 'Fec Venta', 'Fech de venta (YYYYMMDD)', '7', '1', '0', '3', '8');
INSERT INTO "LD_PRELOAD_FIELD_DEFINITION" (PRELOAD_FIELD_DEFINITION_ID, PRELOAD_ROW_TYPE_ID, COLUMN_NO, NAME, DESCRIPTION, PRELOAD_FIELD_TYPE_ID, REQUIRED, REL_TYPE, ERROR_SEVERITY, LENGTH) VALUES ('1015', '36', '12', 'Cod Moneda', 'Código de moneda', '4', '1', '0', '3', '3');
INSERT INTO "LD_PRELOAD_FIELD_DEFINITION" (PRELOAD_FIELD_DEFINITION_ID, PRELOAD_ROW_TYPE_ID, COLUMN_NO, NAME, DESCRIPTION, PRELOAD_FIELD_TYPE_ID, REQUIRED, REL_TYPE, ERROR_SEVERITY, LENGTH) VALUES ('1016', '36', '13', 'Prima_Cuota', 'Prima cuota', '3', '1', '0', '3', '12');
INSERT INTO "LD_PRELOAD_FIELD_DEFINITION" (PRELOAD_FIELD_DEFINITION_ID, PRELOAD_ROW_TYPE_ID, COLUMN_NO, NAME, DESCRIPTION, PRELOAD_FIELD_TYPE_ID, REQUIRED, REL_TYPE, ERROR_SEVERITY, LENGTH) VALUES ('1017', '36', '14', 'Prima_Total', 'Prima total', '3', '1', '0', '3', '12');
INSERT INTO "LD_PRELOAD_FIELD_DEFINITION" (PRELOAD_FIELD_DEFINITION_ID, PRELOAD_ROW_TYPE_ID, COLUMN_NO, NAME, DESCRIPTION, PRELOAD_FIELD_TYPE_ID, REQUIRED, REL_TYPE, ERROR_SEVERITY, LENGTH) VALUES ('1018', '36', '15', 'Cod Frec. Pago', 'Periodicidad de pago', '1', '1', '0', '3', '1');
INSERT INTO "LD_PRELOAD_FIELD_DEFINITION" (PRELOAD_FIELD_DEFINITION_ID, PRELOAD_ROW_TYPE_ID, COLUMN_NO, NAME, DESCRIPTION, PRELOAD_FIELD_TYPE_ID, REQUIRED, REL_TYPE, ERROR_SEVERITY, LENGTH) VALUES ('1019', '36', '16', 'Cod Banco/Tarjeta', 'Tipo de pago Cta Cte o Tarjeta de credito', '1', '1', '0', '3', '3');
INSERT INTO "LD_PRELOAD_FIELD_DEFINITION" (PRELOAD_FIELD_DEFINITION_ID, PRELOAD_ROW_TYPE_ID, COLUMN_NO, NAME, DESCRIPTION, PRELOAD_FIELD_TYPE_ID, REQUIRED, REL_TYPE, ERROR_SEVERITY, LENGTH) VALUES ('1020', '36', '17', 'Num Med Pago', 'Número del Medio de pago Ctacte o Tarjeta', '1', '1', '0', '3', '20');
INSERT INTO "LD_PRELOAD_FIELD_DEFINITION" (PRELOAD_FIELD_DEFINITION_ID, PRELOAD_ROW_TYPE_ID, COLUMN_NO, NAME, DESCRIPTION, PRELOAD_FIELD_TYPE_ID, REQUIRED, REL_TYPE, ERROR_SEVERITY, LENGTH) VALUES ('1021', '36', '18', 'Cod Sucursal', 'Código Sucursa', '4', '1', '0', '3', '5');
INSERT INTO "LD_PRELOAD_FIELD_DEFINITION" (PRELOAD_FIELD_DEFINITION_ID, PRELOAD_ROW_TYPE_ID, COLUMN_NO, NAME, DESCRIPTION, PRELOAD_FIELD_TYPE_ID, REQUIRED, REL_TYPE, ERROR_SEVERITY, LENGTH) VALUES ('1022', '36', '19', 'Cod Via Contacto', 'Codigo de contacto de venta', '4', '1', '0', '3', '3');
INSERT INTO "LD_PRELOAD_FIELD_DEFINITION" (PRELOAD_FIELD_DEFINITION_ID, PRELOAD_ROW_TYPE_ID, COLUMN_NO, NAME, DESCRIPTION, PRELOAD_FIELD_TYPE_ID, REQUIRED, REL_TYPE, ERROR_SEVERITY, LENGTH) VALUES ('1023', '36', '20', 'Filler', 'Filler', '4', '1', '0', '3', '3');
INSERT INTO "LD_PRELOAD_FIELD_DEFINITION" (PRELOAD_FIELD_DEFINITION_ID, PRELOAD_ROW_TYPE_ID, COLUMN_NO, NAME, DESCRIPTION, PRELOAD_FIELD_TYPE_ID, REQUIRED, REL_TYPE, ERROR_SEVERITY, LENGTH) VALUES ('1024', '36', '21', 'Rut_Eje', 'Rut Ejecutivo', '4', '1', '0', '3', '8');
INSERT INTO "LD_PRELOAD_FIELD_DEFINITION" (PRELOAD_FIELD_DEFINITION_ID, PRELOAD_ROW_TYPE_ID, COLUMN_NO, NAME, DESCRIPTION, PRELOAD_FIELD_TYPE_ID, REQUIRED, REL_TYPE, ERROR_SEVERITY, LENGTH) VALUES ('1025', '36', '22', 'Dv_Eje', 'Dv_Eje', '4', '1', '0', '3', '1');
INSERT INTO "LD_PRELOAD_FIELD_DEFINITION" (PRELOAD_FIELD_DEFINITION_ID, PRELOAD_ROW_TYPE_ID, COLUMN_NO, NAME, DESCRIPTION, PRELOAD_FIELD_TYPE_ID, REQUIRED, REL_TYPE, ERROR_SEVERITY, LENGTH) VALUES ('1026', '36', '23', 'Filler', 'Filler', '4', '1', '0', '3', '12');
INSERT INTO "LD_PRELOAD_FIELD_DEFINITION" (PRELOAD_FIELD_DEFINITION_ID, PRELOAD_ROW_TYPE_ID, COLUMN_NO, NAME, DESCRIPTION, PRELOAD_FIELD_TYPE_ID, REQUIRED, REL_TYPE, ERROR_SEVERITY, LENGTH) VALUES ('1027', '36', '24', 'CodEstado', 'Código de estado', '4', '1', '0', '3', '3');
INSERT INTO "LD_PRELOAD_FIELD_DEFINITION" (PRELOAD_FIELD_DEFINITION_ID, PRELOAD_ROW_TYPE_ID, COLUMN_NO, NAME, DESCRIPTION, PRELOAD_FIELD_TYPE_ID, REQUIRED, REL_TYPE, ERROR_SEVERITY, LENGTH) VALUES ('1028', '36', '25', 'Cod Dia Pago', 'Código día de pago', '4', '1', '0', '3', '3');
INSERT INTO "LD_PRELOAD_FIELD_DEFINITION" (PRELOAD_FIELD_DEFINITION_ID, PRELOAD_ROW_TYPE_ID, COLUMN_NO, NAME, DESCRIPTION, PRELOAD_FIELD_TYPE_ID, REQUIRED, REL_TYPE, ERROR_SEVERITY, LENGTH) VALUES ('1029', '36', '26', 'Cod Via Contacto', 'Idem al anterior esta duplicado', '4', '1', '0', '3', '4');
INSERT INTO "LD_PRELOAD_FIELD_DEFINITION" (PRELOAD_FIELD_DEFINITION_ID, PRELOAD_ROW_TYPE_ID, COLUMN_NO, NAME, DESCRIPTION, PRELOAD_FIELD_TYPE_ID, REQUIRED, REL_TYPE, ERROR_SEVERITY, LENGTH) VALUES ('1030', '36', '27', 'Cod Fuente', 'Origen de la venta', '4', '1', '0', '3', '3');
INSERT INTO "LD_PRELOAD_FIELD_DEFINITION" (PRELOAD_FIELD_DEFINITION_ID, PRELOAD_ROW_TYPE_ID, COLUMN_NO, NAME, DESCRIPTION, PRELOAD_FIELD_TYPE_ID, REQUIRED, REL_TYPE, ERROR_SEVERITY, LENGTH) VALUES ('1031', '36', '28', 'Nom Eje', 'Nombre ejecutivo', '4', '1', '0', '3', '30');
INSERT INTO "LD_PRELOAD_FIELD_DEFINITION" (PRELOAD_FIELD_DEFINITION_ID, PRELOAD_ROW_TYPE_ID, COLUMN_NO, NAME, DESCRIPTION, PRELOAD_FIELD_TYPE_ID, REQUIRED, REL_TYPE, ERROR_SEVERITY, LENGTH) VALUES ('1032', '36', '29', 'Cod Med Pago', 'Código medio de pago', '4', '1', '0', '3', '1');
INSERT INTO "LD_PRELOAD_FIELD_DEFINITION" (PRELOAD_FIELD_DEFINITION_ID, PRELOAD_ROW_TYPE_ID, COLUMN_NO, NAME, DESCRIPTION, PRELOAD_FIELD_TYPE_ID, REQUIRED, REL_TYPE, ERROR_SEVERITY, LENGTH) VALUES ('1033', '36', '30', 'Fec Vige', 'Fecha de vigencia productos viaje', '7', '1', '0', '3', '8');
INSERT INTO "LD_PRELOAD_FIELD_DEFINITION" (PRELOAD_FIELD_DEFINITION_ID, PRELOAD_ROW_TYPE_ID, COLUMN_NO, NAME, DESCRIPTION, PRELOAD_FIELD_TYPE_ID, REQUIRED, REL_TYPE, ERROR_SEVERITY, LENGTH) VALUES ('1034', '36', '31', 'Emite Kit', 'Flag que indica si emite o no Kit', '4', '1', '0', '3', '1');
INSERT INTO "LD_PRELOAD_FIELD_DEFINITION" (PRELOAD_FIELD_DEFINITION_ID, PRELOAD_ROW_TYPE_ID, COLUMN_NO, NAME, DESCRIPTION, PRELOAD_FIELD_TYPE_ID, REQUIRED, REL_TYPE, ERROR_SEVERITY, LENGTH) VALUES ('1035', '36', '32', 'Super Clave', 'Super Clave', '4', '1', '0', '3', '13');
INSERT INTO "LD_PRELOAD_FIELD_DEFINITION" (PRELOAD_FIELD_DEFINITION_ID, PRELOAD_ROW_TYPE_ID, COLUMN_NO, NAME, DESCRIPTION, PRELOAD_FIELD_TYPE_ID, REQUIRED, REL_TYPE, ERROR_SEVERITY, LENGTH) VALUES ('1036', '36', '33', 'Dps Sucia', 'Flag que indica si DPS esta con información para evaluar', '4', '1', '0', '3', '1');
INSERT INTO "LD_PRELOAD_FIELD_DEFINITION" (PRELOAD_FIELD_DEFINITION_ID, PRELOAD_ROW_TYPE_ID, COLUMN_NO, NAME, DESCRIPTION, PRELOAD_FIELD_TYPE_ID, REQUIRED, REL_TYPE, ERROR_SEVERITY, LENGTH) VALUES ('1037', '36', '34', 'Filler', 'Filler', '4', '0', '0', '3', '1');
INSERT INTO "LD_PRELOAD_FIELD_DEFINITION" (PRELOAD_FIELD_DEFINITION_ID, PRELOAD_ROW_TYPE_ID, COLUMN_NO, NAME, DESCRIPTION, PRELOAD_FIELD_TYPE_ID, REQUIRED, REL_TYPE, ERROR_SEVERITY, LENGTH) VALUES ('1038', '36', '35', 'Declara', 'Declaración de Salud del cliente', '4', '1', '0', '3', '100');
INSERT INTO "LD_PRELOAD_FIELD_DEFINITION" (PRELOAD_FIELD_DEFINITION_ID, PRELOAD_ROW_TYPE_ID, COLUMN_NO, NAME, DESCRIPTION, PRELOAD_FIELD_TYPE_ID, REQUIRED, REL_TYPE, ERROR_SEVERITY, LENGTH) VALUES ('1039', '36', '36', 'Filler', 'Filler', '4', '0', '0', '3', '155');
INSERT INTO "LD_PRELOAD_FIELD_DEFINITION" (PRELOAD_FIELD_DEFINITION_ID, PRELOAD_ROW_TYPE_ID, COLUMN_NO, NAME, DESCRIPTION, PRELOAD_FIELD_TYPE_ID, REQUIRED, REL_TYPE, ERROR_SEVERITY, LENGTH) VALUES ('1040', '36', '37', 'Peso', 'Peso del asegurado en Klgs', '4', '1', '0', '3', '3');
INSERT INTO "LD_PRELOAD_FIELD_DEFINITION" (PRELOAD_FIELD_DEFINITION_ID, PRELOAD_ROW_TYPE_ID, COLUMN_NO, NAME, DESCRIPTION, PRELOAD_FIELD_TYPE_ID, REQUIRED, REL_TYPE, ERROR_SEVERITY, LENGTH) VALUES ('1041', '36', '38', 'Talla', 'Estatura del asegurado en cms', '4', '1', '0', '3', '3');


-- Pie campos
INSERT INTO "LD_PRELOAD_FIELD_DEFINITION" (PRELOAD_FIELD_DEFINITION_ID, PRELOAD_ROW_TYPE_ID, COLUMN_NO, NAME, DESCRIPTION, PRELOAD_FIELD_TYPE_ID, REQUIRED, ERROR_SEVERITY, LENGTH) VALUES ('1042', '37', '1', 'Tipo Reg', 'Tipo de Registro', '4', '1', '3', '1');
INSERT INTO "LD_PRELOAD_FIELD_DEFINITION" (PRELOAD_FIELD_DEFINITION_ID, PRELOAD_ROW_TYPE_ID, COLUMN_NO, NAME, DESCRIPTION, PRELOAD_FIELD_TYPE_ID, REQUIRED, ERROR_SEVERITY, LENGTH) VALUES ('1043', '37', '2', 'Fec Envio', 'Fecha de envio del archivo (YYYYMMDD)', '7', '1', '3', '8');
INSERT INTO "LD_PRELOAD_FIELD_DEFINITION" (PRELOAD_FIELD_DEFINITION_ID, PRELOAD_ROW_TYPE_ID, COLUMN_NO, NAME, DESCRIPTION, PRELOAD_FIELD_TYPE_ID, REQUIRED, ERROR_SEVERITY, LENGTH) VALUES ('1044', '37', '3', 'Cod Conv', 'Convenio', '4', '1', '3', '3');
INSERT INTO "LD_PRELOAD_FIELD_DEFINITION" (PRELOAD_FIELD_DEFINITION_ID, PRELOAD_ROW_TYPE_ID, COLUMN_NO, NAME, DESCRIPTION, PRELOAD_FIELD_TYPE_ID, REQUIRED, ERROR_SEVERITY, LENGTH) VALUES ('1045', '37', '4', 'Can Detalle', 'Cantidad de registros', '1', '1', '3', '5');
INSERT INTO "LD_PRELOAD_FIELD_DEFINITION" (PRELOAD_FIELD_DEFINITION_ID, PRELOAD_ROW_TYPE_ID, COLUMN_NO, NAME, DESCRIPTION, PRELOAD_FIELD_TYPE_ID, REQUIRED, ERROR_SEVERITY, LENGTH) VALUES ('1046', '37', '5', 'Mto_total', 'Sumatoria de las primas anuales', '2', '1', '3', '12');
INSERT INTO "LD_PRELOAD_FIELD_DEFINITION" (PRELOAD_FIELD_DEFINITION_ID, PRELOAD_ROW_TYPE_ID, COLUMN_NO, NAME, DESCRIPTION, PRELOAD_FIELD_TYPE_ID, REQUIRED, ERROR_SEVERITY, LENGTH) VALUES ('1047', '37', '6', 'Filler', 'Filler', '7', '1', '3', '30');

commit;

---------------------------------------------------
-- DOC-161-CROSS CARGA VENTAS NEOX v2 - Fichero 2 -
---------------------------------------------------
-- File definition
INSERT INTO "LD_PRELOAD_FILE" (PRELOAD_FILE_ID, PRELOAD_DEFINITION_ID, NAME, DESCRIPTION, FILE_TYPE, FILENAME_FORMAT_REGEX) 
VALUES ('11', '3', 'Propuestas con tipos  de personas', 'Archivo con la relación de propuestas con tipos  de personas (e.g. PcsNeo_20170802_2.txt)', 'TXT','PcsNeo_\d{4}\d{2}\d{2}_2.(txt|TXT)');

-- Row types
INSERT INTO "LD_PRELOAD_ROW_TYPE" (PRELOAD_ROW_TYPE_ID, PRELOAD_FILE_ID, NAME, IDENTIFIER_COLUMN_NO, IDENTIFIER_VALUE) VALUES ('38', '11', 'Cabecera (Header)', '1', 'C');
INSERT INTO "LD_PRELOAD_ROW_TYPE" (PRELOAD_ROW_TYPE_ID, PRELOAD_FILE_ID, NAME, IDENTIFIER_COLUMN_NO, IDENTIFIER_VALUE) VALUES ('39', '11', 'Detalle (Detail)', '1', 'D');
INSERT INTO "LD_PRELOAD_ROW_TYPE" (PRELOAD_ROW_TYPE_ID, PRELOAD_FILE_ID, NAME, IDENTIFIER_COLUMN_NO, IDENTIFIER_VALUE) VALUES ('40', '11', 'Pie (Footer)', '1', 'T');

-- Cabecera campos
INSERT INTO "LD_PRELOAD_FIELD_DEFINITION" (PRELOAD_FIELD_DEFINITION_ID, PRELOAD_ROW_TYPE_ID, COLUMN_NO, NAME, DESCRIPTION, PRELOAD_FIELD_TYPE_ID, REQUIRED, ERROR_SEVERITY, LENGTH) VALUES ('1050', '38', '1', 'Tipo Reg', 'Tipo de Registro', '4', '1', '3', '1');
INSERT INTO "LD_PRELOAD_FIELD_DEFINITION" (PRELOAD_FIELD_DEFINITION_ID, PRELOAD_ROW_TYPE_ID, COLUMN_NO, NAME, DESCRIPTION, PRELOAD_FIELD_TYPE_ID, REQUIRED, ERROR_SEVERITY, LENGTH) VALUES ('1051', '38', '2', 'Fec Envio', 'Fecha de envio del archivo (YYYYMMDD)', '7', '1', '3', '8');
INSERT INTO "LD_PRELOAD_FIELD_DEFINITION" (PRELOAD_FIELD_DEFINITION_ID, PRELOAD_ROW_TYPE_ID, COLUMN_NO, NAME, DESCRIPTION, PRELOAD_FIELD_TYPE_ID, REQUIRED, ERROR_SEVERITY, LENGTH) VALUES ('1052', '38', '3', 'Convenio', 'Tipo de convenio BSAN', '4', '1', '3', '3');
INSERT INTO "LD_PRELOAD_FIELD_DEFINITION" (PRELOAD_FIELD_DEFINITION_ID, PRELOAD_ROW_TYPE_ID, COLUMN_NO, NAME, DESCRIPTION, PRELOAD_FIELD_TYPE_ID, REQUIRED, ERROR_SEVERITY, LENGTH) VALUES ('1053', '38', '4', 'Filer', 'Filer', '4', '0', '1', '136');

-- Detalle campos
INSERT INTO "LD_PRELOAD_FIELD_DEFINITION" (PRELOAD_FIELD_DEFINITION_ID, PRELOAD_ROW_TYPE_ID, COLUMN_NO, NAME, DESCRIPTION, PRELOAD_FIELD_TYPE_ID, REQUIRED, REL_TYPE, ERROR_SEVERITY, LENGTH) VALUES ('1054', '39', '1', 'Tipo Reg', 'Tipo de Registro', '4', '1', '0', '3', '1');
INSERT INTO "LD_PRELOAD_FIELD_DEFINITION" (PRELOAD_FIELD_DEFINITION_ID, PRELOAD_ROW_TYPE_ID, COLUMN_NO, NAME, DESCRIPTION, PRELOAD_FIELD_TYPE_ID, REQUIRED, REL_TYPE, ERROR_SEVERITY, LENGTH) VALUES ('1055', '39', '2', 'Fec Envio', 'Fecha de envio del archivo (YYYYMMDD)', '7', '1', '0', '3', '8');
INSERT INTO "LD_PRELOAD_FIELD_DEFINITION" (PRELOAD_FIELD_DEFINITION_ID, PRELOAD_ROW_TYPE_ID, COLUMN_NO, NAME, DESCRIPTION, PRELOAD_FIELD_TYPE_ID, REQUIRED, REL_TYPE, ERROR_SEVERITY, LENGTH) VALUES ('1056', '39', '3', 'Cod Ramo', 'Código de Ramo BSAN', '4', '0', '0', '3', '3');
INSERT INTO "LD_PRELOAD_FIELD_DEFINITION" (PRELOAD_FIELD_DEFINITION_ID, PRELOAD_ROW_TYPE_ID, COLUMN_NO, NAME, DESCRIPTION, PRELOAD_FIELD_TYPE_ID, REQUIRED, REL_TYPE, ERROR_SEVERITY, LENGTH) VALUES ('1057', '39', '4', 'Cod Linea', 'Código de Linea BSAN', '4', '0', '0', '3', '3');
INSERT INTO "LD_PRELOAD_FIELD_DEFINITION" (PRELOAD_FIELD_DEFINITION_ID, PRELOAD_ROW_TYPE_ID, COLUMN_NO, NAME, DESCRIPTION, PRELOAD_FIELD_TYPE_ID, REQUIRED, REL_TYPE, ERROR_SEVERITY, LENGTH) VALUES ('1058', '39', '5', 'Cod Producto', 'Código de Producto BSAN', '4', '0', '0', '3', '3');
INSERT INTO "LD_PRELOAD_FIELD_DEFINITION" (PRELOAD_FIELD_DEFINITION_ID, PRELOAD_ROW_TYPE_ID, COLUMN_NO, NAME, DESCRIPTION, PRELOAD_FIELD_TYPE_ID, REQUIRED, REL_TYPE, ERROR_SEVERITY, LENGTH) VALUES ('1059', '39', '6', 'Num. Propuesta', 'Número de Propuesta BSAN', '1', '1', '0', '3', '8');
INSERT INTO "LD_PRELOAD_FIELD_DEFINITION" (PRELOAD_FIELD_DEFINITION_ID, PRELOAD_ROW_TYPE_ID, COLUMN_NO, NAME, DESCRIPTION, PRELOAD_FIELD_TYPE_ID, REQUIRED, REL_TYPE, ERROR_SEVERITY, LENGTH) VALUES ('1060', '39', '7', 'Cod Tipo Persona', 'Código tipo de persona', '4', '1', '0', '3', '3');
INSERT INTO "LD_PRELOAD_FIELD_DEFINITION" (PRELOAD_FIELD_DEFINITION_ID, PRELOAD_ROW_TYPE_ID, COLUMN_NO, NAME, DESCRIPTION, PRELOAD_FIELD_TYPE_ID, REQUIRED, REL_TYPE, ERROR_SEVERITY, LENGTH) VALUES ('1061', '39', '8', 'Cor Tipo Persona', 'Correlativo por tipo de persona', '1', '1', '0', '3', '2');
INSERT INTO "LD_PRELOAD_FIELD_DEFINITION" (PRELOAD_FIELD_DEFINITION_ID, PRELOAD_ROW_TYPE_ID, COLUMN_NO, NAME, DESCRIPTION, PRELOAD_FIELD_TYPE_ID, REQUIRED, REL_TYPE, ERROR_SEVERITY, LENGTH) VALUES ('1062', '39', '9', 'Rut Persona', 'Rut Persona', '1', '0', '0', '3', '10');
INSERT INTO "LD_PRELOAD_FIELD_DEFINITION" (PRELOAD_FIELD_DEFINITION_ID, PRELOAD_ROW_TYPE_ID, COLUMN_NO, NAME, DESCRIPTION, PRELOAD_FIELD_TYPE_ID, REQUIRED, REL_TYPE, ERROR_SEVERITY, LENGTH) VALUES ('1063', '39', '10', 'Dig Verificador', 'Dígito verificador persona', '1', '0', '0', '3', '1');
INSERT INTO "LD_PRELOAD_FIELD_DEFINITION" (PRELOAD_FIELD_DEFINITION_ID, PRELOAD_ROW_TYPE_ID, COLUMN_NO, NAME, DESCRIPTION, PRELOAD_FIELD_TYPE_ID, REQUIRED, REL_TYPE, ERROR_SEVERITY, LENGTH) VALUES ('1064', '39', '11', 'Cod Relacion', 'Código de relación', '1', '0', '0', '3', '2');

-- Pie campos
INSERT INTO "LD_PRELOAD_FIELD_DEFINITION" (PRELOAD_FIELD_DEFINITION_ID, PRELOAD_ROW_TYPE_ID, COLUMN_NO, NAME, DESCRIPTION, PRELOAD_FIELD_TYPE_ID, REQUIRED, ERROR_SEVERITY, LENGTH) VALUES ('1065', '40', '1', 'Tipo Reg', 'Tipo de Registro', '4', '1', '3', '1');
INSERT INTO "LD_PRELOAD_FIELD_DEFINITION" (PRELOAD_FIELD_DEFINITION_ID, PRELOAD_ROW_TYPE_ID, COLUMN_NO, NAME, DESCRIPTION, PRELOAD_FIELD_TYPE_ID, REQUIRED, ERROR_SEVERITY, LENGTH) VALUES ('1066', '40', '2', 'Fec Envio', 'Fecha de envio del archivo (YYYYMMDD)', '7', '1', '3', '8');
INSERT INTO "LD_PRELOAD_FIELD_DEFINITION" (PRELOAD_FIELD_DEFINITION_ID, PRELOAD_ROW_TYPE_ID, COLUMN_NO, NAME, DESCRIPTION, PRELOAD_FIELD_TYPE_ID, REQUIRED, ERROR_SEVERITY, LENGTH) VALUES ('1067', '40', '3', 'Cod Conv', 'Convenio', '4', '1', '3', '3');
INSERT INTO "LD_PRELOAD_FIELD_DEFINITION" (PRELOAD_FIELD_DEFINITION_ID, PRELOAD_ROW_TYPE_ID, COLUMN_NO, NAME, DESCRIPTION, PRELOAD_FIELD_TYPE_ID, REQUIRED, ERROR_SEVERITY, LENGTH) VALUES ('1068', '40', '4', 'Can Detalle', 'Cantidad de registros', '1', '1', '3', '5');
INSERT INTO "LD_PRELOAD_FIELD_DEFINITION" (PRELOAD_FIELD_DEFINITION_ID, PRELOAD_ROW_TYPE_ID, COLUMN_NO, NAME, DESCRIPTION, PRELOAD_FIELD_TYPE_ID, REQUIRED, ERROR_SEVERITY, LENGTH) VALUES ('1069', '40', '5', 'Mto_total', 'Sumatoria de las primas anuales', '2', '1', '3', '12');
INSERT INTO "LD_PRELOAD_FIELD_DEFINITION" (PRELOAD_FIELD_DEFINITION_ID, PRELOAD_ROW_TYPE_ID, COLUMN_NO, NAME, DESCRIPTION, PRELOAD_FIELD_TYPE_ID, REQUIRED, ERROR_SEVERITY, LENGTH) VALUES ('1070', '40', '6', 'Filler', 'Filler', '7', '1', '3', '30');

commit;


---------------------------------------------------
-- DOC-161-CROSS CARGA VENTAS NEOX v2 - Fichero 3 -
---------------------------------------------------
-- File definition
INSERT INTO "LD_PRELOAD_FILE" (PRELOAD_FILE_ID, PRELOAD_DEFINITION_ID, NAME, DESCRIPTION, FILE_TYPE, FILENAME_FORMAT_REGEX) 
VALUES ('12', '3', 'Beneficiarios, Asegurados Adicionales', 'En este archivo contiene los Beneficiarios, Asegurados Adicionales y/o Grupo Familiar por propuesta, esto dependerá como está definido en el Archivo 2, por la relación con Código tipo de persona. (e.g. PcsNeo_20170802_3.txt)', 'TXT','PcsNeo_\d{4}\d{2}\d{2}_3.(txt|TXT)');

-- Row types
INSERT INTO "LD_PRELOAD_ROW_TYPE" (PRELOAD_ROW_TYPE_ID, PRELOAD_FILE_ID, NAME, IDENTIFIER_COLUMN_NO, IDENTIFIER_VALUE) VALUES ('41', '12', 'Cabecera (Header)', '1', 'C');
INSERT INTO "LD_PRELOAD_ROW_TYPE" (PRELOAD_ROW_TYPE_ID, PRELOAD_FILE_ID, NAME, IDENTIFIER_COLUMN_NO, IDENTIFIER_VALUE) VALUES ('42', '12', 'Detalle (Detail)', '1', 'D');
INSERT INTO "LD_PRELOAD_ROW_TYPE" (PRELOAD_ROW_TYPE_ID, PRELOAD_FILE_ID, NAME, IDENTIFIER_COLUMN_NO, IDENTIFIER_VALUE) VALUES ('43', '12', 'Pie (Footer)', '1', 'T');

-- Cabecera campos
INSERT INTO "LD_PRELOAD_FIELD_DEFINITION" (PRELOAD_FIELD_DEFINITION_ID, PRELOAD_ROW_TYPE_ID, COLUMN_NO, NAME, DESCRIPTION, PRELOAD_FIELD_TYPE_ID, REQUIRED, ERROR_SEVERITY, LENGTH) VALUES ('1100', '41', '1', 'Tipo Reg', 'Tipo de Registro', '4', '1', '3', '1');
INSERT INTO "LD_PRELOAD_FIELD_DEFINITION" (PRELOAD_FIELD_DEFINITION_ID, PRELOAD_ROW_TYPE_ID, COLUMN_NO, NAME, DESCRIPTION, PRELOAD_FIELD_TYPE_ID, REQUIRED, ERROR_SEVERITY, LENGTH) VALUES ('1101', '41', '2', 'Fec Envio', 'Fecha de envio del archivo (YYYYMMDD)', '7', '1', '3', '8');
INSERT INTO "LD_PRELOAD_FIELD_DEFINITION" (PRELOAD_FIELD_DEFINITION_ID, PRELOAD_ROW_TYPE_ID, COLUMN_NO, NAME, DESCRIPTION, PRELOAD_FIELD_TYPE_ID, REQUIRED, ERROR_SEVERITY, LENGTH) VALUES ('1102', '41', '3', 'Convenio', 'Tipo de convenio BSAN', '4', '1', '3', '3');
INSERT INTO "LD_PRELOAD_FIELD_DEFINITION" (PRELOAD_FIELD_DEFINITION_ID, PRELOAD_ROW_TYPE_ID, COLUMN_NO, NAME, DESCRIPTION, PRELOAD_FIELD_TYPE_ID, REQUIRED, ERROR_SEVERITY, LENGTH) VALUES ('1103', '41', '4', 'Filer', 'Filer', '4', '0', '1', '136');

-- Detalle campos
INSERT INTO "LD_PRELOAD_FIELD_DEFINITION" (PRELOAD_FIELD_DEFINITION_ID, PRELOAD_ROW_TYPE_ID, COLUMN_NO, NAME, DESCRIPTION, PRELOAD_FIELD_TYPE_ID, REQUIRED, REL_TYPE, ERROR_SEVERITY, LENGTH) VALUES ('1104', '42', '1', 'Tipo Reg', 'Tipo de Registro', '4', '1', '0', '3', '1');
INSERT INTO "LD_PRELOAD_FIELD_DEFINITION" (PRELOAD_FIELD_DEFINITION_ID, PRELOAD_ROW_TYPE_ID, COLUMN_NO, NAME, DESCRIPTION, PRELOAD_FIELD_TYPE_ID, REQUIRED, REL_TYPE, ERROR_SEVERITY, LENGTH) VALUES ('1105', '42', '2', 'Fec Envio', 'Fecha de envio del archivo (YYYYMMDD)', '7', '1', '0', '3', '8');
INSERT INTO "LD_PRELOAD_FIELD_DEFINITION" (PRELOAD_FIELD_DEFINITION_ID, PRELOAD_ROW_TYPE_ID, COLUMN_NO, NAME, DESCRIPTION, PRELOAD_FIELD_TYPE_ID, REQUIRED, REL_TYPE, ERROR_SEVERITY, LENGTH) VALUES ('1106', '42', '3', 'Cod Ramo', 'Código de Ramo BSAN', '4', '0', '0', '3', '3');
INSERT INTO "LD_PRELOAD_FIELD_DEFINITION" (PRELOAD_FIELD_DEFINITION_ID, PRELOAD_ROW_TYPE_ID, COLUMN_NO, NAME, DESCRIPTION, PRELOAD_FIELD_TYPE_ID, REQUIRED, REL_TYPE, ERROR_SEVERITY, LENGTH) VALUES ('1107', '42', '4', 'Cod Linea', 'Código de Linea BSAN', '4', '0', '0', '3', '3');
INSERT INTO "LD_PRELOAD_FIELD_DEFINITION" (PRELOAD_FIELD_DEFINITION_ID, PRELOAD_ROW_TYPE_ID, COLUMN_NO, NAME, DESCRIPTION, PRELOAD_FIELD_TYPE_ID, REQUIRED, REL_TYPE, ERROR_SEVERITY, LENGTH) VALUES ('1108', '42', '5', 'Cod Producto', 'Código de Producto BSAN', '4', '0', '0', '3', '3');
INSERT INTO "LD_PRELOAD_FIELD_DEFINITION" (PRELOAD_FIELD_DEFINITION_ID, PRELOAD_ROW_TYPE_ID, COLUMN_NO, NAME, DESCRIPTION, PRELOAD_FIELD_TYPE_ID, REQUIRED, REL_TYPE, ERROR_SEVERITY, LENGTH) VALUES ('1109', '42', '6', 'Num. Propuesta', 'Número de Propuesta BSAN', '1', '1', '0', '3', '8');
INSERT INTO "LD_PRELOAD_FIELD_DEFINITION" (PRELOAD_FIELD_DEFINITION_ID, PRELOAD_ROW_TYPE_ID, COLUMN_NO, NAME, DESCRIPTION, PRELOAD_FIELD_TYPE_ID, REQUIRED, REL_TYPE, ERROR_SEVERITY, LENGTH) VALUES ('1110', '42', '7', 'Filler', 'Filler', '4', '0', '0', '3', '1');
INSERT INTO "LD_PRELOAD_FIELD_DEFINITION" (PRELOAD_FIELD_DEFINITION_ID, PRELOAD_ROW_TYPE_ID, COLUMN_NO, NAME, DESCRIPTION, PRELOAD_FIELD_TYPE_ID, REQUIRED, REL_TYPE, ERROR_SEVERITY, LENGTH) VALUES ('1111', '42', '8', 'Rut_Benef', 'Rut Beneficiario', '4', '1', '0', '3', '9');
INSERT INTO "LD_PRELOAD_FIELD_DEFINITION" (PRELOAD_FIELD_DEFINITION_ID, PRELOAD_ROW_TYPE_ID, COLUMN_NO, NAME, DESCRIPTION, PRELOAD_FIELD_TYPE_ID, REQUIRED, REL_TYPE, ERROR_SEVERITY, LENGTH) VALUES ('1112', '42', '9', 'Dig verificador', 'Dígito verificador beneficiario', '4', '1', '0', '3', '1');
INSERT INTO "LD_PRELOAD_FIELD_DEFINITION" (PRELOAD_FIELD_DEFINITION_ID, PRELOAD_ROW_TYPE_ID, COLUMN_NO, NAME, DESCRIPTION, PRELOAD_FIELD_TYPE_ID, REQUIRED, REL_TYPE, ERROR_SEVERITY, LENGTH) VALUES ('1113', '42', '10', 'Filler', 'Filler', '4', '0', '0', '3', '3');
INSERT INTO "LD_PRELOAD_FIELD_DEFINITION" (PRELOAD_FIELD_DEFINITION_ID, PRELOAD_ROW_TYPE_ID, COLUMN_NO, NAME, DESCRIPTION, PRELOAD_FIELD_TYPE_ID, REQUIRED, REL_TYPE, ERROR_SEVERITY, LENGTH) VALUES ('1114', '42', '11', 'Por. Cobertura', 'Porcentaje de cobertura por beneficiario', '4', '0', '0', '3', '3');
INSERT INTO "LD_PRELOAD_FIELD_DEFINITION" (PRELOAD_FIELD_DEFINITION_ID, PRELOAD_ROW_TYPE_ID, COLUMN_NO, NAME, DESCRIPTION, PRELOAD_FIELD_TYPE_ID, REQUIRED, REL_TYPE, ERROR_SEVERITY, LENGTH) VALUES ('1115', '42', '12', 'Filler', 'Filler', '4', '0', '0', '3', '3');
INSERT INTO "LD_PRELOAD_FIELD_DEFINITION" (PRELOAD_FIELD_DEFINITION_ID, PRELOAD_ROW_TYPE_ID, COLUMN_NO, NAME, DESCRIPTION, PRELOAD_FIELD_TYPE_ID, REQUIRED, REL_TYPE, ERROR_SEVERITY, LENGTH) VALUES ('1116', '42', '13', 'Cod_Tipobene', 'Código de tipo de beneficiario', '4', '0', '0', '3', '1');

-- Pie campos
INSERT INTO "LD_PRELOAD_FIELD_DEFINITION" (PRELOAD_FIELD_DEFINITION_ID, PRELOAD_ROW_TYPE_ID, COLUMN_NO, NAME, DESCRIPTION, PRELOAD_FIELD_TYPE_ID, REQUIRED, ERROR_SEVERITY, LENGTH) VALUES ('1117', '43', '1', 'Tipo Reg', 'Tipo de Registro', '4', '1', '3', '1');
INSERT INTO "LD_PRELOAD_FIELD_DEFINITION" (PRELOAD_FIELD_DEFINITION_ID, PRELOAD_ROW_TYPE_ID, COLUMN_NO, NAME, DESCRIPTION, PRELOAD_FIELD_TYPE_ID, REQUIRED, ERROR_SEVERITY, LENGTH) VALUES ('1118', '43', '2', 'Fec Envio', 'Fecha de envio del archivo (YYYYMMDD)', '7', '1', '3', '8');
INSERT INTO "LD_PRELOAD_FIELD_DEFINITION" (PRELOAD_FIELD_DEFINITION_ID, PRELOAD_ROW_TYPE_ID, COLUMN_NO, NAME, DESCRIPTION, PRELOAD_FIELD_TYPE_ID, REQUIRED, ERROR_SEVERITY, LENGTH) VALUES ('1119', '43', '3', 'Cod Conv', 'Convenio', '4', '1', '3', '3');
INSERT INTO "LD_PRELOAD_FIELD_DEFINITION" (PRELOAD_FIELD_DEFINITION_ID, PRELOAD_ROW_TYPE_ID, COLUMN_NO, NAME, DESCRIPTION, PRELOAD_FIELD_TYPE_ID, REQUIRED, ERROR_SEVERITY, LENGTH) VALUES ('1120', '43', '4', 'Can Detalle', 'Cantidad de registros', '1', '1', '3', '5');
INSERT INTO "LD_PRELOAD_FIELD_DEFINITION" (PRELOAD_FIELD_DEFINITION_ID, PRELOAD_ROW_TYPE_ID, COLUMN_NO, NAME, DESCRIPTION, PRELOAD_FIELD_TYPE_ID, REQUIRED, ERROR_SEVERITY, LENGTH) VALUES ('1121', '43', '5', 'Mto_total', 'Sumatoria de las primas anuales', '2', '1', '3', '12');
INSERT INTO "LD_PRELOAD_FIELD_DEFINITION" (PRELOAD_FIELD_DEFINITION_ID, PRELOAD_ROW_TYPE_ID, COLUMN_NO, NAME, DESCRIPTION, PRELOAD_FIELD_TYPE_ID, REQUIRED, ERROR_SEVERITY, LENGTH) VALUES ('1122', '43', '6', 'Filler', 'Filler', '7', '1', '3', '30');

commit;


---------------------------------------------------
-- DOC-161-CROSS CARGA VENTAS NEOX v2 - Fichero 4 -
---------------------------------------------------
-- File definition
INSERT INTO "LD_PRELOAD_FILE" (PRELOAD_FILE_ID, PRELOAD_DEFINITION_ID, NAME, DESCRIPTION, FILE_TYPE, FILENAME_FORMAT_REGEX) 
VALUES ('13', '3', 'Datos demográficos de personas', 'Información y datos demográficos de personas. (e.g. PcsNeo_20170802_4.txt)', 'TXT','PcsNeo_\d{4}\d{2}\d{2}_4.(txt|TXT)');

-- Row types
INSERT INTO "LD_PRELOAD_ROW_TYPE" (PRELOAD_ROW_TYPE_ID, PRELOAD_FILE_ID, NAME, IDENTIFIER_COLUMN_NO, IDENTIFIER_VALUE) VALUES ('44', '13', 'Cabecera (Header)', '1', 'C');
INSERT INTO "LD_PRELOAD_ROW_TYPE" (PRELOAD_ROW_TYPE_ID, PRELOAD_FILE_ID, NAME, IDENTIFIER_COLUMN_NO, IDENTIFIER_VALUE) VALUES ('45', '13', 'Detalle (Detail)', '1', 'D');
INSERT INTO "LD_PRELOAD_ROW_TYPE" (PRELOAD_ROW_TYPE_ID, PRELOAD_FILE_ID, NAME, IDENTIFIER_COLUMN_NO, IDENTIFIER_VALUE) VALUES ('46', '13', 'Pie (Footer)', '1', 'T');

-- Cabecera campos
INSERT INTO "LD_PRELOAD_FIELD_DEFINITION" (PRELOAD_FIELD_DEFINITION_ID, PRELOAD_ROW_TYPE_ID, COLUMN_NO, NAME, DESCRIPTION, PRELOAD_FIELD_TYPE_ID, REQUIRED, ERROR_SEVERITY, LENGTH) VALUES ('1150', '44', '1', 'Tipo Reg', 'Tipo de Registro', '4', '1', '3', '1');
INSERT INTO "LD_PRELOAD_FIELD_DEFINITION" (PRELOAD_FIELD_DEFINITION_ID, PRELOAD_ROW_TYPE_ID, COLUMN_NO, NAME, DESCRIPTION, PRELOAD_FIELD_TYPE_ID, REQUIRED, ERROR_SEVERITY, LENGTH) VALUES ('1151', '44', '2', 'Fec Envio', 'Fecha de envio del archivo (YYYYMMDD)', '7', '1', '3', '8');
INSERT INTO "LD_PRELOAD_FIELD_DEFINITION" (PRELOAD_FIELD_DEFINITION_ID, PRELOAD_ROW_TYPE_ID, COLUMN_NO, NAME, DESCRIPTION, PRELOAD_FIELD_TYPE_ID, REQUIRED, ERROR_SEVERITY, LENGTH) VALUES ('1152', '44', '3', 'Convenio', 'Tipo de convenio BSAN', '4', '1', '3', '3');
INSERT INTO "LD_PRELOAD_FIELD_DEFINITION" (PRELOAD_FIELD_DEFINITION_ID, PRELOAD_ROW_TYPE_ID, COLUMN_NO, NAME, DESCRIPTION, PRELOAD_FIELD_TYPE_ID, REQUIRED, ERROR_SEVERITY, LENGTH) VALUES ('1153', '44', '4', 'Filer', 'Filer', '4', '0', '1', '136');

-- Detalle campos
INSERT INTO "LD_PRELOAD_FIELD_DEFINITION" (PRELOAD_FIELD_DEFINITION_ID, PRELOAD_ROW_TYPE_ID, COLUMN_NO, NAME, DESCRIPTION, PRELOAD_FIELD_TYPE_ID, REQUIRED, REL_TYPE, ERROR_SEVERITY, LENGTH) VALUES ('1154', '45', '1', 'Tipo Reg', 'Tipo de Registro', '4', '1', '0', '3', '1');
INSERT INTO "LD_PRELOAD_FIELD_DEFINITION" (PRELOAD_FIELD_DEFINITION_ID, PRELOAD_ROW_TYPE_ID, COLUMN_NO, NAME, DESCRIPTION, PRELOAD_FIELD_TYPE_ID, REQUIRED, REL_TYPE, ERROR_SEVERITY, LENGTH) VALUES ('1155', '45', '2', 'Fec Envio', 'Fecha de envio del archivo (YYYYMMDD)', '7', '1', '0', '3', '8');
INSERT INTO "LD_PRELOAD_FIELD_DEFINITION" (PRELOAD_FIELD_DEFINITION_ID, PRELOAD_ROW_TYPE_ID, COLUMN_NO, NAME, DESCRIPTION, PRELOAD_FIELD_TYPE_ID, REQUIRED, REL_TYPE, ERROR_SEVERITY, LENGTH) VALUES ('1156', '45', '3', 'Filler', 'Filler', '4', '1', '0', '3', '2');
INSERT INTO "LD_PRELOAD_FIELD_DEFINITION" (PRELOAD_FIELD_DEFINITION_ID, PRELOAD_ROW_TYPE_ID, COLUMN_NO, NAME, DESCRIPTION, PRELOAD_FIELD_TYPE_ID, REQUIRED, REL_TYPE, ERROR_SEVERITY, LENGTH) VALUES ('1157', '45', '4', 'Rut', 'Rut Contratante', '4', '1', '0', '3', '9');
INSERT INTO "LD_PRELOAD_FIELD_DEFINITION" (PRELOAD_FIELD_DEFINITION_ID, PRELOAD_ROW_TYPE_ID, COLUMN_NO, NAME, DESCRIPTION, PRELOAD_FIELD_TYPE_ID, REQUIRED, REL_TYPE, ERROR_SEVERITY, LENGTH) VALUES ('1158', '45', '5', 'Filler', 'Filler', '4', '0', '0', '3', '1');
INSERT INTO "LD_PRELOAD_FIELD_DEFINITION" (PRELOAD_FIELD_DEFINITION_ID, PRELOAD_ROW_TYPE_ID, COLUMN_NO, NAME, DESCRIPTION, PRELOAD_FIELD_TYPE_ID, REQUIRED, REL_TYPE, ERROR_SEVERITY, LENGTH) VALUES ('1159', '45', '6', 'Ape Paterno', 'Apellido perterno', '4', '1', '0', '3', '20');
INSERT INTO "LD_PRELOAD_FIELD_DEFINITION" (PRELOAD_FIELD_DEFINITION_ID, PRELOAD_ROW_TYPE_ID, COLUMN_NO, NAME, DESCRIPTION, PRELOAD_FIELD_TYPE_ID, REQUIRED, REL_TYPE, ERROR_SEVERITY, LENGTH) VALUES ('1160', '45', '7', 'Ape Materno', 'Apellido perterno', '4', '1', '0', '3', '20');
INSERT INTO "LD_PRELOAD_FIELD_DEFINITION" (PRELOAD_FIELD_DEFINITION_ID, PRELOAD_ROW_TYPE_ID, COLUMN_NO, NAME, DESCRIPTION, PRELOAD_FIELD_TYPE_ID, REQUIRED, REL_TYPE, ERROR_SEVERITY, LENGTH) VALUES ('1161', '45', '8', 'Nombres', 'Nombre', '4', '1', '0', '3', '25');
INSERT INTO "LD_PRELOAD_FIELD_DEFINITION" (PRELOAD_FIELD_DEFINITION_ID, PRELOAD_ROW_TYPE_ID, COLUMN_NO, NAME, DESCRIPTION, PRELOAD_FIELD_TYPE_ID, REQUIRED, REL_TYPE, ERROR_SEVERITY, LENGTH) VALUES ('1162', '45', '9', 'Fec Nacimento', 'Fecha de nacimento', '7', '1', '0', '3', '8');
INSERT INTO "LD_PRELOAD_FIELD_DEFINITION" (PRELOAD_FIELD_DEFINITION_ID, PRELOAD_ROW_TYPE_ID, COLUMN_NO, NAME, DESCRIPTION, PRELOAD_FIELD_TYPE_ID, REQUIRED, REL_TYPE, ERROR_SEVERITY, LENGTH) VALUES ('1163', '45', '10', 'Cod sexo', 'Codigo sexo', '4', '1', '0', '3', '1');
INSERT INTO "LD_PRELOAD_FIELD_DEFINITION" (PRELOAD_FIELD_DEFINITION_ID, PRELOAD_ROW_TYPE_ID, COLUMN_NO, NAME, DESCRIPTION, PRELOAD_FIELD_TYPE_ID, REQUIRED, REL_TYPE, ERROR_SEVERITY, LENGTH) VALUES ('1164', '45', '11', 'Cod est civil', 'Codigo estado civil', '4', '1', '0', '3', '1');
INSERT INTO "LD_PRELOAD_FIELD_DEFINITION" (PRELOAD_FIELD_DEFINITION_ID, PRELOAD_ROW_TYPE_ID, COLUMN_NO, NAME, DESCRIPTION, PRELOAD_FIELD_TYPE_ID, REQUIRED, REL_TYPE, ERROR_SEVERITY, LENGTH) VALUES ('1165', '45', '12', 'Fono', 'Telefono contacto', '4', '1', '0', '3', '20');
INSERT INTO "LD_PRELOAD_FIELD_DEFINITION" (PRELOAD_FIELD_DEFINITION_ID, PRELOAD_ROW_TYPE_ID, COLUMN_NO, NAME, DESCRIPTION, PRELOAD_FIELD_TYPE_ID, REQUIRED, REL_TYPE, ERROR_SEVERITY, LENGTH) VALUES ('1166', '45', '13', 'Cod Ciudad', 'Codigo de ciudad', '4', '1', '0', '3', '5');
INSERT INTO "LD_PRELOAD_FIELD_DEFINITION" (PRELOAD_FIELD_DEFINITION_ID, PRELOAD_ROW_TYPE_ID, COLUMN_NO, NAME, DESCRIPTION, PRELOAD_FIELD_TYPE_ID, REQUIRED, REL_TYPE, ERROR_SEVERITY, LENGTH) VALUES ('1167', '45', '14', 'Cod Comuna', 'Codigo de comuna', '4', '1', '0', '3', '5');
INSERT INTO "LD_PRELOAD_FIELD_DEFINITION" (PRELOAD_FIELD_DEFINITION_ID, PRELOAD_ROW_TYPE_ID, COLUMN_NO, NAME, DESCRIPTION, PRELOAD_FIELD_TYPE_ID, REQUIRED, REL_TYPE, ERROR_SEVERITY, LENGTH) VALUES ('1168', '45', '15', 'Direccion', 'Direccion', '4', '1', '0', '3', '80');
INSERT INTO "LD_PRELOAD_FIELD_DEFINITION" (PRELOAD_FIELD_DEFINITION_ID, PRELOAD_ROW_TYPE_ID, COLUMN_NO, NAME, DESCRIPTION, PRELOAD_FIELD_TYPE_ID, REQUIRED, REL_TYPE, ERROR_SEVERITY, LENGTH) VALUES ('1169', '45', '16', 'Rta_mes', 'Renta mensual', '1', '0', '0', '3', '12');

-- Pie campos
INSERT INTO "LD_PRELOAD_FIELD_DEFINITION" (PRELOAD_FIELD_DEFINITION_ID, PRELOAD_ROW_TYPE_ID, COLUMN_NO, NAME, DESCRIPTION, PRELOAD_FIELD_TYPE_ID, REQUIRED, ERROR_SEVERITY, LENGTH) VALUES ('1170', '46', '1', 'Tipo Reg', 'Tipo de Registro', '4', '1', '3', '1');
INSERT INTO "LD_PRELOAD_FIELD_DEFINITION" (PRELOAD_FIELD_DEFINITION_ID, PRELOAD_ROW_TYPE_ID, COLUMN_NO, NAME, DESCRIPTION, PRELOAD_FIELD_TYPE_ID, REQUIRED, ERROR_SEVERITY, LENGTH) VALUES ('1171', '46', '2', 'Fec Envio', 'Fecha de envio del archivo (YYYYMMDD)', '7', '1', '3', '8');
INSERT INTO "LD_PRELOAD_FIELD_DEFINITION" (PRELOAD_FIELD_DEFINITION_ID, PRELOAD_ROW_TYPE_ID, COLUMN_NO, NAME, DESCRIPTION, PRELOAD_FIELD_TYPE_ID, REQUIRED, ERROR_SEVERITY, LENGTH) VALUES ('1172', '46', '3', 'Cod Conv', 'Convenio', '4', '1', '3', '3');
INSERT INTO "LD_PRELOAD_FIELD_DEFINITION" (PRELOAD_FIELD_DEFINITION_ID, PRELOAD_ROW_TYPE_ID, COLUMN_NO, NAME, DESCRIPTION, PRELOAD_FIELD_TYPE_ID, REQUIRED, ERROR_SEVERITY, LENGTH) VALUES ('1173', '46', '4', 'Can Detalle', 'Cantidad de registros', '1', '1', '3', '5');
INSERT INTO "LD_PRELOAD_FIELD_DEFINITION" (PRELOAD_FIELD_DEFINITION_ID, PRELOAD_ROW_TYPE_ID, COLUMN_NO, NAME, DESCRIPTION, PRELOAD_FIELD_TYPE_ID, REQUIRED, ERROR_SEVERITY, LENGTH) VALUES ('1174', '46', '5', 'Mto_total', 'Sumatoria de las primas anuales', '2', '1', '3', '12');
INSERT INTO "LD_PRELOAD_FIELD_DEFINITION" (PRELOAD_FIELD_DEFINITION_ID, PRELOAD_ROW_TYPE_ID, COLUMN_NO, NAME, DESCRIPTION, PRELOAD_FIELD_TYPE_ID, REQUIRED, ERROR_SEVERITY, LENGTH) VALUES ('1175', '46', '6', 'Filler', 'Filler', '7', '1', '3', '30');

commit;
